"Longitude (x)","Latitude (y)","Station Name","Climate ID","Date/Time (UTC)","Year","Month","Day","Time (UTC)","Temp (°C)","Temp Flag","Dew Point Temp (°C)","Dew Point Temp Flag","Rel Hum (%)","Rel Hum Flag","Precip. Amount (mm)","Precip. Amount Flag","Wind Dir (10s deg)","Wind Dir Flag","Wind Spd (km/h)","Wind Spd Flag","Visibility (km)","Visibility Flag","Stn Press (kPa)","Stn Press Flag","Hmdx","Hmdx Flag","Wind Chill","Wind Chill Flag","Weather"
"-73.74","45.47","MONTREAL/PIERRE ELLIOTT TRUDEAU INTL","702S006","2021-12-01 00:00","2021","12","01","00:00","-1.7","","-6.2","","71","","0.0","","20","","5","","","","100.69","","","","-4","","NA"
"-73.74","45.47","MONTREAL/PIERRE ELLIOTT TRUDEAU INTL","702S006","2021-12-01 01:00","2021","12","01","01:00","-1.5","","-5.1","","76","","0.0","","17","","8","","","","100.67","","","","-5","","NA"
"-73.74","45.47","MONTREAL/PIERRE ELLIOTT TRUDEAU INTL","702S006","2021-12-01 02:00","2021","12","01","02:00","-1.6","","-5.0","","78","","0.0","","17","","10","","","","100.66","","","","-5","","NA"
"-73.74","45.47","MONTREAL/PIERRE ELLIOTT TRUDEAU INTL","702S006","2021-12-01 03:00","2021","12","01","03:00","-2.1","","-3.6","","89","","0.0","","16","","11","","","","100.62","","","","-6","","NA"
"-73.74","45.47","MONTREAL/PIERRE ELLIOTT TRUDEAU INTL","702S006","2021-12-01 04:00","2021","12","01","04:00","-2.3","","-3.2","","93","","0.0","","14","","11","","","","100.58","","","","-6","","NA"
"-73.74","45.47","MONTREAL/PIERRE ELLIOTT TRUDEAU INTL","702S006","2021-12-01 05:00","2021","12","01","05:00","-1.9","","-3.2","","91","","0.0","","13","","9","","","","100.55","","","","-5","","NA"
"-73.74","45.47","MONTREAL/PIERRE ELLIOTT TRUDEAU INTL","702S006","2021-12-01 06:00","2021","12","01","06:00","-1.8","","-3.1","","91","","0.0","","11","","8","","","","100.51","","","","-5","","NA"
"-73.74","45.47","MONTREAL/PIERRE ELLIOTT TRUDEAU INTL","702S006","2021-12-01 07:00","2021","12","01","07:00","-1.3","","-2.4","","92","","0.0","","14","","12","","","","100.55","","","","-5","","NA"
"-73.74","45.47","MONTREAL/PIERRE ELLIOTT TRUDEAU INTL","702S006","2021-12-01 08:00","2021","12","01","08:00","-1.0","","-1.9","","93","","0.0","","15","","10","","","","100.55","","","","-5","","NA"
"-73.74","45.47","MONTREAL/PIERRE ELLIOTT TRUDEAU INTL","702S006","2021-12-01 09:00","2021","12","01","09:00","0.1","","-0.9","","93","","0.0","","18","","10","","","","100.54","","","","","","NA"
"-73.74","45.47","MONTREAL/PIERRE ELLIOTT TRUDEAU INTL","702S006","2021-12-01 10:00","2021","12","01","10:00","0.9","","-0.1","","93","","0.0","","21","","16","","","","100.58","","","","","","NA"
"-73.74","45.47","MONTREAL/PIERRE ELLIOTT TRUDEAU INTL","702S006","2021-12-01 11:00","2021","12","01","11:00","1.3","","-0.5","","88","","0.0","","26","","21","","","","100.67","","","","","","NA"
"-73.74","45.47","MONTREAL/PIERRE ELLIOTT TRUDEAU INTL","702S006","2021-12-01 12:00","2021","12","01","12:00","0.9","","-2.3","","79","","0.0","","27","","23","","","","100.80","","","","","","NA"
"-73.74","45.47","MONTREAL/PIERRE ELLIOTT TRUDEAU INTL","702S006","2021-12-01 13:00","2021","12","01","13:00","0.4","","-3.2","","77","","0.0","","26","","20","","","","100.93","","","","","","NA"
"-73.74","45.47","MONTREAL/PIERRE ELLIOTT TRUDEAU INTL","702S006","2021-12-01 14:00","2021","12","01","14:00","-0.5","","-6.4","","64","","0.0","","28","","27","","","","101.08","","","","-7","","NA"
"-73.74","45.47","MONTREAL/PIERRE ELLIOTT TRUDEAU INTL","702S006","2021-12-01 15:00","2021","12","01","15:00","-0.7","","-8.0","","58","","0.0","","28","","27","","","","101.24","","","","-7","","NA"
"-73.74","45.47","MONTREAL/PIERRE ELLIOTT TRUDEAU INTL","702S006","2021-12-01 16:00","2021","12","01","16:00","-0.5","","-7.2","","60","","0.0","","27","","24","","","","101.30","","","","-6","","NA"
"-73.74","45.47","MONTREAL/PIERRE ELLIOTT TRUDEAU INTL","702S006","2021-12-01 17:00","2021","12","01","17:00","-0.5","","-7.1","","61","","0.0","","25","","24","","","","101.40","","","","-6","","NA"
"-73.74","45.47","MONTREAL/PIERRE ELLIOTT TRUDEAU INTL","702S006","2021-12-01 18:00","2021","12","01","18:00","-1.4","","-7.2","","64","","0.0","","27","","21","","","","101.45","","","","-7","","NA"
"-73.74","45.47","MONTREAL/PIERRE ELLIOTT TRUDEAU INTL","702S006","2021-12-01 19:00","2021","12","01","19:00","-1.3","","-9.0","","56","","0.0","","26","","25","","","","101.46","","","","-8","","NA"
"-73.74","45.47","MONTREAL/PIERRE ELLIOTT TRUDEAU INTL","702S006","2021-12-01 20:00","2021","12","01","20:00","-1.5","","-11.2","","48","","0.0","","27","","15","","","","101.47","","","","-6","","NA"
"-73.74","45.47","MONTREAL/PIERRE ELLIOTT TRUDEAU INTL","702S006","2021-12-01 21:00","2021","12","01","21:00","-2.0","","-10.3","","53","","0.0","","25","","17","","","","101.55","","","","-7","","NA"
"-73.74","45.47","MONTREAL/PIERRE ELLIOTT TRUDEAU INTL","702S006","2021-12-01 22:00","2021","12","01","22:00","-2.7","","-10.6","","55","","0.0","","24","","7","","","","101.55","","","","-6","","NA"
"-73.74","45.47","MONTREAL/PIERRE ELLIOTT TRUDEAU INTL","702S006","2021-12-01 23:00","2021","12","01","23:00","-5.4","","-11.0","","65","","0.0","","32","","7","","","","101.55","","","","-9","","NA"
"-73.74","45.47","MONTREAL/PIERRE ELLIOTT TRUDEAU INTL","702S006","2021-12-02 00:00","2021","12","02","00:00","-3.2","","-10.0","","59","","0.0","","","","0","","","","101.53","","","","","","NA"
"-73.74","45.47","MONTREAL/PIERRE ELLIOTT TRUDEAU INTL","702S006","2021-12-02 01:00","2021","12","02","01:00","-2.9","","-7.9","","68","","0.0","","14","","9","","","","101.47","","","","-6","","NA"
"-73.74","45.47","MONTREAL/PIERRE ELLIOTT TRUDEAU INTL","702S006","2021-12-02 02:00","2021","12","02","02:00","-2.6","","-8.0","","66","","0.0","","13","","9","","","","101.39","","","","-6","","NA"
"-73.74","45.47","MONTREAL/PIERRE ELLIOTT TRUDEAU INTL","702S006","2021-12-02 03:00","2021","12","02","03:00","-3.3","","-8.6","","67","","0.0","","12","","13","","","","101.25","","","","-8","","NA"
"-73.74","45.47","MONTREAL/PIERRE ELLIOTT TRUDEAU INTL","702S006","2021-12-02 04:00","2021","12","02","04:00","-2.6","","-7.7","","68","","0.0","","12","","17","","","","101.11","","","","-8","","NA"
"-73.74","45.47","MONTREAL/PIERRE ELLIOTT TRUDEAU INTL","702S006","2021-12-02 05:00","2021","12","02","05:00","-2.0","","-7.2","","67","","0.0","","12","","18","","","","101.01","","","","-7","","NA"
"-73.74","45.47","MONTREAL/PIERRE ELLIOTT TRUDEAU INTL","702S006","2021-12-02 06:00","2021","12","02","06:00","-1.7","","-5.8","","73","","0.0","","13","","21","","","","100.85","","","","-8","","NA"
"-73.74","45.47","MONTREAL/PIERRE ELLIOTT TRUDEAU INTL","702S006","2021-12-02 07:00","2021","12","02","07:00","-1.1","","-4.4","","78","","0.0","","13","","17","","","","100.79","","","","-6","","NA"
"-73.74","45.47","MONTREAL/PIERRE ELLIOTT TRUDEAU INTL","702S006","2021-12-02 08:00","2021","12","02","08:00","0.2","","-3.3","","77","","0.0","","14","","22","","","","100.58","","","","","","NA"
"-73.74","45.47","MONTREAL/PIERRE ELLIOTT TRUDEAU INTL","702S006","2021-12-02 09:00","2021","12","02","09:00","1.0","","-2.9","","75","","0.0","","13","","17","","","","100.49","","","","","","NA"
"-73.74","45.47","MONTREAL/PIERRE ELLIOTT TRUDEAU INTL","702S006","2021-12-02 10:00","2021","12","02","10:00","0.7","","-1.1","","87","","0.0","","14","","21","","","","100.34","","","","","","NA"
"-73.74","45.47","MONTREAL/PIERRE ELLIOTT TRUDEAU INTL","702S006","2021-12-02 11:00","2021","12","02","11:00","0.9","","0.0","","93","","0.7","","14","","22","","","","100.13","","","","","","NA"
"-73.74","45.47","MONTREAL/PIERRE ELLIOTT TRUDEAU INTL","702S006","2021-12-02 12:00","2021","12","02","12:00","1.3","","0.1","","92","","0.0","","14","","20","","","","99.99","","","","","","NA"
"-73.74","45.47","MONTREAL/PIERRE ELLIOTT TRUDEAU INTL","702S006","2021-12-02 13:00","2021","12","02","13:00","1.6","","0.0","","89","","0.0","","14","","18","","","","99.85","","","","","","NA"
"-73.74","45.47","MONTREAL/PIERRE ELLIOTT TRUDEAU INTL","702S006","2021-12-02 14:00","2021","12","02","14:00","2.2","","0.0","","85","","0.0","","15","","22","","","","99.71","","","","","","NA"
"-73.74","45.47","MONTREAL/PIERRE ELLIOTT TRUDEAU INTL","702S006","2021-12-02 15:00","2021","12","02","15:00","2.7","","0.2","","84","","0.0","","15","","20","","","","99.60","","","","","","NA"
"-73.74","45.47","MONTREAL/PIERRE ELLIOTT TRUDEAU INTL","702S006","2021-12-02 16:00","2021","12","02","16:00","3.0","","0.7","","85","","0.0","","15","","21","","","","99.43","","","","","","NA"
"-73.74","45.47","MONTREAL/PIERRE ELLIOTT TRUDEAU INTL","702S006","2021-12-02 17:00","2021","12","02","17:00","3.3","","1.4","","88","","0.0","","13","","12","","","","99.22","","","","","","NA"
"-73.74","45.47","MONTREAL/PIERRE ELLIOTT TRUDEAU INTL","702S006","2021-12-02 18:00","2021","12","02","18:00","4.3","","2.9","","91","","1.8","","15","","24","","","","99.05","","","","","","NA"
"-73.74","45.47","MONTREAL/PIERRE ELLIOTT TRUDEAU INTL","702S006","2021-12-02 19:00","2021","12","02","19:00","4.5","","2.8","","89","","0.0","","16","","25","","","","98.93","","","","","","NA"
"-73.74","45.47","MONTREAL/PIERRE ELLIOTT TRUDEAU INTL","702S006","2021-12-02 20:00","2021","12","02","20:00","4.7","","3.2","","90","","0.0","","16","","24","","","","98.88","","","","","","NA"
"-73.74","45.47","MONTREAL/PIERRE ELLIOTT TRUDEAU INTL","702S006","2021-12-02 21:00","2021","12","02","21:00","4.5","","3.8","","95","","1.5","","17","","17","","","","98.81","","","","","","NA"
"-73.74","45.47","MONTREAL/PIERRE ELLIOTT TRUDEAU INTL","702S006","2021-12-02 22:00","2021","12","02","22:00","5.7","","4.5","","92","","0.0","","19","","17","","","","98.86","","","","","","NA"
"-73.74","45.47","MONTREAL/PIERRE ELLIOTT TRUDEAU INTL","702S006","2021-12-02 23:00","2021","12","02","23:00","5.3","","2.7","","84","","0.4","","22","","29","","","","98.91","","","","","","NA"
"-73.74","45.47","MONTREAL/PIERRE ELLIOTT TRUDEAU INTL","702S006","2021-12-03 00:00","2021","12","03","00:00","5.2","","2.2","","81","","0.2","","25","","22","","","","99.00","","","","","","NA"
"-73.74","45.47","MONTREAL/PIERRE ELLIOTT TRUDEAU INTL","702S006","2021-12-03 01:00","2021","12","03","01:00","5.4","","2.1","","80","","0.0","","25","","22","","","","99.04","","","","","","NA"
"-73.74","45.47","MONTREAL/PIERRE ELLIOTT TRUDEAU INTL","702S006","2021-12-03 02:00","2021","12","03","02:00","4.9","","1.9","","81","","0.0","","25","","25","","","","99.12","","","","","","NA"
"-73.74","45.47","MONTREAL/PIERRE ELLIOTT TRUDEAU INTL","702S006","2021-12-03 03:00","2021","12","03","03:00","4.4","","1.3","","80","","0.0","","27","","21","","","","99.22","","","","","","NA"
"-73.74","45.47","MONTREAL/PIERRE ELLIOTT TRUDEAU INTL","702S006","2021-12-03 04:00","2021","12","03","04:00","3.6","","-0.3","","75","","0.0","","27","","25","","","","99.34","","","","","","NA"
"-73.74","45.47","MONTREAL/PIERRE ELLIOTT TRUDEAU INTL","702S006","2021-12-03 05:00","2021","12","03","05:00","2.2","","-1.1","","78","","0.0","","27","","23","","","","99.45","","","","","","NA"
"-73.74","45.47","MONTREAL/PIERRE ELLIOTT TRUDEAU INTL","702S006","2021-12-03 06:00","2021","12","03","06:00","0.8","","-2.5","","78","","0.0","","29","","27","","","","99.62","","","","","","NA"
"-73.74","45.47","MONTREAL/PIERRE ELLIOTT TRUDEAU INTL","702S006","2021-12-03 07:00","2021","12","03","07:00","0.4","","-5.0","","67","","0.0","","31","","35","","","","99.80","","","","","","NA"
"-73.74","45.47","MONTREAL/PIERRE ELLIOTT TRUDEAU INTL","702S006","2021-12-03 08:00","2021","12","03","08:00","-0.4","","-6.9","","62","","0.0","","30","","34","","","","100.02","","","","-7","","NA"
"-73.74","45.47","MONTREAL/PIERRE ELLIOTT TRUDEAU INTL","702S006","2021-12-03 09:00","2021","12","03","09:00","-1.0","","-7.5","","61","","0.0","","30","","31","","","","100.19","","","","-8","","NA"
"-73.74","45.47","MONTREAL/PIERRE ELLIOTT TRUDEAU INTL","702S006","2021-12-03 10:00","2021","12","03","10:00","-1.5","","-7.6","","63","","0.0","","30","","24","","","","100.35","","","","-8","","NA"
"-73.74","45.47","MONTREAL/PIERRE ELLIOTT TRUDEAU INTL","702S006","2021-12-03 11:00","2021","12","03","11:00","-1.8","","-7.2","","67","","0.0","","29","","30","","","","100.49","","","","-9","","NA"
"-73.74","45.47","MONTREAL/PIERRE ELLIOTT TRUDEAU INTL","702S006","2021-12-03 12:00","2021","12","03","12:00","-2.5","","-9.6","","58","","0.0","","30","","24","","","","100.62","","","","-9","","NA"
"-73.74","45.47","MONTREAL/PIERRE ELLIOTT TRUDEAU INTL","702S006","2021-12-03 13:00","2021","12","03","13:00","-3.1","","-11.0","","55","","0.0","","30","","24","","","","100.74","","","","-10","","NA"
"-73.74","45.47","MONTREAL/PIERRE ELLIOTT TRUDEAU INTL","702S006","2021-12-03 14:00","2021","12","03","14:00","-3.0","","-12.6","","48","","0.0","","30","","33","","","","100.83","","","","-11","","NA"
"-73.74","45.47","MONTREAL/PIERRE ELLIOTT TRUDEAU INTL","702S006","2021-12-03 15:00","2021","12","03","15:00","-2.7","","-11.2","","52","","0.0","","30","","26","","","","100.88","","","","-10","","NA"
"-73.74","45.47","MONTREAL/PIERRE ELLIOTT TRUDEAU INTL","702S006","2021-12-03 16:00","2021","12","03","16:00","-3.4","","-11.7","","53","","0.0","","28","","27","","","","100.87","","","","-11","","NA"
"-73.74","45.47","MONTREAL/PIERRE ELLIOTT TRUDEAU INTL","702S006","2021-12-03 17:00","2021","12","03","17:00","-3.2","","-14.9","","40","","0.0","","28","","27","","","","100.87","","","","-10","","NA"
"-73.74","45.47","MONTREAL/PIERRE ELLIOTT TRUDEAU INTL","702S006","2021-12-03 18:00","2021","12","03","18:00","-3.7","","-17.1","","35","","0.0","","28","","34","","","","100.90","","","","-12","","NA"
"-73.74","45.47","MONTREAL/PIERRE ELLIOTT TRUDEAU INTL","702S006","2021-12-03 19:00","2021","12","03","19:00","-3.7","","-14.6","","42","","0.0","","27","","28","","","","100.94","","","","-11","","NA"
"-73.74","45.47","MONTREAL/PIERRE ELLIOTT TRUDEAU INTL","702S006","2021-12-03 20:00","2021","12","03","20:00","-4.0","","-16.4","","37","","0.0","","28","","28","","","","100.98","","","","-11","","NA"
"-73.74","45.47","MONTREAL/PIERRE ELLIOTT TRUDEAU INTL","702S006","2021-12-03 21:00","2021","12","03","21:00","-4.5","","-16.3","","39","","0.0","","27","","25","","","","101.06","","","","-12","","NA"
"-73.74","45.47","MONTREAL/PIERRE ELLIOTT TRUDEAU INTL","702S006","2021-12-03 22:00","2021","12","03","22:00","-4.8","","-15.6","","42","","0.0","","27","","25","","","","101.11","","","","-12","","NA"
"-73.74","45.47","MONTREAL/PIERRE ELLIOTT TRUDEAU INTL","702S006","2021-12-03 23:00","2021","12","03","23:00","-5.2","","-16.1","","42","","0.0","","26","","21","","","","101.21","","","","-12","","NA"
"-73.74","45.47","MONTREAL/PIERRE ELLIOTT TRUDEAU INTL","702S006","2021-12-04 00:00","2021","12","04","00:00","-5.8","","-15.9","","45","","0.0","","29","","19","","","","101.26","","","","-12","","NA"
"-73.74","45.47","MONTREAL/PIERRE ELLIOTT TRUDEAU INTL","702S006","2021-12-04 01:00","2021","12","04","01:00","-6.1","","-16.8","","42","","0.0","","30","","19","","","","101.33","","","","-13","","NA"
"-73.74","45.47","MONTREAL/PIERRE ELLIOTT TRUDEAU INTL","702S006","2021-12-04 02:00","2021","12","04","02:00","-6.3","","-16.4","","44","","0.0","","32","","19","","","","101.35","","","","-13","","NA"
"-73.74","45.47","MONTREAL/PIERRE ELLIOTT TRUDEAU INTL","702S006","2021-12-04 03:00","2021","12","04","03:00","-6.4","","-16.2","","46","","0.0","","33","","19","","","","101.36","","","","-13","","NA"
"-73.74","45.47","MONTREAL/PIERRE ELLIOTT TRUDEAU INTL","702S006","2021-12-04 04:00","2021","12","04","04:00","-7.0","","-16.6","","46","","0.0","","32","","22","","","","101.41","","","","-14","","NA"
"-73.74","45.47","MONTREAL/PIERRE ELLIOTT TRUDEAU INTL","702S006","2021-12-04 05:00","2021","12","04","05:00","-7.4","","-16.6","","48","","0.0","","32","","18","","","","101.43","","","","-14","","NA"
"-73.74","45.47","MONTREAL/PIERRE ELLIOTT TRUDEAU INTL","702S006","2021-12-04 06:00","2021","12","04","06:00","-7.7","","-16.9","","47","","0.0","","32","","13","","","","101.41","","","","-13","","NA"
"-73.74","45.47","MONTREAL/PIERRE ELLIOTT TRUDEAU INTL","702S006","2021-12-04 07:00","2021","12","04","07:00","-8.0","","-16.5","","50","","0.0","","31","","10","","","","101.45","","","","-13","","NA"
"-73.74","45.47","MONTREAL/PIERRE ELLIOTT TRUDEAU INTL","702S006","2021-12-04 08:00","2021","12","04","08:00","-8.2","","-16.1","","53","","0.0","","33","","8","","","","101.46","","","","-12","","NA"
"-73.74","45.47","MONTREAL/PIERRE ELLIOTT TRUDEAU INTL","702S006","2021-12-04 09:00","2021","12","04","09:00","-8.6","","-14.9","","60","","0.0","","32","","3","","","","101.47","","","","-10","","NA"
"-73.74","45.47","MONTREAL/PIERRE ELLIOTT TRUDEAU INTL","702S006","2021-12-04 10:00","2021","12","04","10:00","-8.8","","-14.9","","61","","0.0","","30","","4","","","","101.47","","","","-11","","NA"
"-73.74","45.47","MONTREAL/PIERRE ELLIOTT TRUDEAU INTL","702S006","2021-12-04 11:00","2021","12","04","11:00","-9.1","","-15.1","","62","","0.0","","27","","3","","","","101.48","","","","-11","","NA"
"-73.74","45.47","MONTREAL/PIERRE ELLIOTT TRUDEAU INTL","702S006","2021-12-04 12:00","2021","12","04","12:00","-9.2","","-14.8","","64","","0.0","","28","","3","","","","101.46","","","","-11","","NA"
"-73.74","45.47","MONTREAL/PIERRE ELLIOTT TRUDEAU INTL","702S006","2021-12-04 13:00","2021","12","04","13:00","-8.5","","-14.9","","60","","0.0","","4","","4","","","","101.47","","","","-11","","NA"
"-73.74","45.47","MONTREAL/PIERRE ELLIOTT TRUDEAU INTL","702S006","2021-12-04 14:00","2021","12","04","14:00","-7.0","","-15.0","","53","","0.0","","3","","4","","","","101.46","","","","-9","","NA"
"-73.74","45.47","MONTREAL/PIERRE ELLIOTT TRUDEAU INTL","702S006","2021-12-04 15:00","2021","12","04","15:00","-5.9","","-15.6","","46","","0.0","","10","","5","","","","101.40","","","","-8","","NA"
"-73.74","45.47","MONTREAL/PIERRE ELLIOTT TRUDEAU INTL","702S006","2021-12-04 16:00","2021","12","04","16:00","-5.1","","-14.5","","48","","0.0","","12","","11","","","","101.28","","","","-10","","NA"
"-73.74","45.47","MONTREAL/PIERRE ELLIOTT TRUDEAU INTL","702S006","2021-12-04 17:00","2021","12","04","17:00","-5.0","","-14.5","","47","","0.0","","11","","11","","","","101.16","","","","-10","","NA"
"-73.74","45.47","MONTREAL/PIERRE ELLIOTT TRUDEAU INTL","702S006","2021-12-04 18:00","2021","12","04","18:00","-4.0","","-13.3","","49","","0.0","","12","","14","","","","101.04","","","","-9","","NA"
"-73.74","45.47","MONTREAL/PIERRE ELLIOTT TRUDEAU INTL","702S006","2021-12-04 19:00","2021","12","04","19:00","-3.8","","-9.8","","63","","0.0","","5","","6","","","","101.03","","","","-6","","NA"
"-73.74","45.47","MONTREAL/PIERRE ELLIOTT TRUDEAU INTL","702S006","2021-12-04 20:00","2021","12","04","20:00","-4.9","","-7.6","","81","","0.0","","3","","11","","","","100.97","","","","-9","","NA"
"-73.74","45.47","MONTREAL/PIERRE ELLIOTT TRUDEAU INTL","702S006","2021-12-04 21:00","2021","12","04","21:00","-4.8","","-7.3","","83","","0.0","","4","","10","","","","101.02","","","","-9","","NA"
"-73.74","45.47","MONTREAL/PIERRE ELLIOTT TRUDEAU INTL","702S006","2021-12-04 22:00","2021","12","04","22:00","-5.1","","-7.5","","83","","0.0","","2","","14","","","","101.11","","","","-10","","NA"
"-73.74","45.47","MONTREAL/PIERRE ELLIOTT TRUDEAU INTL","702S006","2021-12-04 23:00","2021","12","04","23:00","-5.4","","-7.4","","86","","0.0","","36","","7","","","","101.21","","","","-9","","NA"
"-73.74","45.47","MONTREAL/PIERRE ELLIOTT TRUDEAU INTL","702S006","2021-12-05 00:00","2021","12","05","00:00","-5.8","","-7.8","","86","","0.0","","33","","8","","","","101.25","","","","-10","","NA"
"-73.74","45.47","MONTREAL/PIERRE ELLIOTT TRUDEAU INTL","702S006","2021-12-05 01:00","2021","12","05","01:00","-6.0","","-8.0","","86","","0.0","","33","","7","","","","101.30","","","","-9","","NA"
"-73.74","45.47","MONTREAL/PIERRE ELLIOTT TRUDEAU INTL","702S006","2021-12-05 02:00","2021","12","05","02:00","-6.3","","-8.2","","86","","0.0","","33","","2","","","","101.37","","","","-7","","NA"
"-73.74","45.47","MONTREAL/PIERRE ELLIOTT TRUDEAU INTL","702S006","2021-12-05 03:00","2021","12","05","03:00","-6.7","","-8.1","","90","","0.0","","","","0","","","","101.44","","","","","","NA"
"-73.74","45.47","MONTREAL/PIERRE ELLIOTT TRUDEAU INTL","702S006","2021-12-05 04:00","2021","12","05","04:00","-4.7","","-6.4","","88","","0.2","","27","","8","","","","101.54","","","","-8","","NA"
"-73.74","45.47","MONTREAL/PIERRE ELLIOTT TRUDEAU INTL","702S006","2021-12-05 05:00","2021","12","05","05:00","-5.1","","-6.4","","91","","0.0","","22","","8","","","","101.55","","","","-9","","NA"
"-73.74","45.47","MONTREAL/PIERRE ELLIOTT TRUDEAU INTL","702S006","2021-12-05 06:00","2021","12","05","06:00","-6.0","","-7.3","","91","","0.0","","31","","7","","","","101.65","","","","-9","","NA"
"-73.74","45.47","MONTREAL/PIERRE ELLIOTT TRUDEAU INTL","702S006","2021-12-05 07:00","2021","12","05","07:00","-6.5","","-7.6","","92","","0.0","","0","","1","","","","101.79","","","","-7","","NA"
"-73.74","45.47","MONTREAL/PIERRE ELLIOTT TRUDEAU INTL","702S006","2021-12-05 08:00","2021","12","05","08:00","-6.4","","-7.6","","91","","0.0","","3","","4","","","","101.82","","","","-8","","NA"
"-73.74","45.47","MONTREAL/PIERRE ELLIOTT TRUDEAU INTL","702S006","2021-12-05 09:00","2021","12","05","09:00","-6.9","","-8.6","","88","","0.0","","26","","6","","","","101.95","","","","-10","","NA"
"-73.74","45.47","MONTREAL/PIERRE ELLIOTT TRUDEAU INTL","702S006","2021-12-05 10:00","2021","12","05","10:00","-7.0","","-8.2","","91","","0.0","","24","","5","","","","102.04","","","","-10","","NA"
"-73.74","45.47","MONTREAL/PIERRE ELLIOTT TRUDEAU INTL","702S006","2021-12-05 11:00","2021","12","05","11:00","-7.3","","-8.8","","89","","0.0","","25","","8","","","","102.18","","","","-11","","NA"
"-73.74","45.47","MONTREAL/PIERRE ELLIOTT TRUDEAU INTL","702S006","2021-12-05 12:00","2021","12","05","12:00","-8.3","","-10.0","","87","","0.0","","26","","7","","","","102.24","","","","-12","","NA"
"-73.74","45.47","MONTREAL/PIERRE ELLIOTT TRUDEAU INTL","702S006","2021-12-05 13:00","2021","12","05","13:00","-8.4","","-10.2","","87","","0.0","","27","","5","","","","102.35","","","","-11","","NA"
"-73.74","45.47","MONTREAL/PIERRE ELLIOTT TRUDEAU INTL","702S006","2021-12-05 14:00","2021","12","05","14:00","-6.4","","-9.4","","80","","0.0","","36","","1","","","","102.45","","","","-7","","NA"
"-73.74","45.47","MONTREAL/PIERRE ELLIOTT TRUDEAU INTL","702S006","2021-12-05 15:00","2021","12","05","15:00","-5.6","","-10.0","","71","","0.0","","27","","4","","","","102.57","","","","-7","","NA"
"-73.74","45.47","MONTREAL/PIERRE ELLIOTT TRUDEAU INTL","702S006","2021-12-05 16:00","2021","12","05","16:00","-4.6","","-10.3","","64","","0.0","","28","","4","","","","102.54","","","","-6","","NA"
"-73.74","45.47","MONTREAL/PIERRE ELLIOTT TRUDEAU INTL","702S006","2021-12-05 17:00","2021","12","05","17:00","-3.7","","-10.0","","61","","0.0","","27","","5","","","","102.57","","","","-6","","NA"
"-73.74","45.47","MONTREAL/PIERRE ELLIOTT TRUDEAU INTL","702S006","2021-12-05 18:00","2021","12","05","18:00","-2.7","","-10.1","","57","","0.0","","26","","6","","","","102.56","","","","-5","","NA"
"-73.74","45.47","MONTREAL/PIERRE ELLIOTT TRUDEAU INTL","702S006","2021-12-05 19:00","2021","12","05","19:00","-2.9","","-10.5","","56","","0.0","","28","","5","","","","102.56","","","","-5","","NA"
"-73.74","45.47","MONTREAL/PIERRE ELLIOTT TRUDEAU INTL","702S006","2021-12-05 20:00","2021","12","05","20:00","-3.3","","-9.4","","62","","0.0","","18","","8","","","","102.54","","","","-7","","NA"
"-73.74","45.47","MONTREAL/PIERRE ELLIOTT TRUDEAU INTL","702S006","2021-12-05 21:00","2021","12","05","21:00","-3.3","","-9.8","","61","","0.0","","12","","4","","","","102.55","","","","-5","","NA"
"-73.74","45.47","MONTREAL/PIERRE ELLIOTT TRUDEAU INTL","702S006","2021-12-05 22:00","2021","12","05","22:00","-3.8","","-9.2","","67","","0.0","","14","","10","","","","102.54","","","","-8","","NA"
"-73.74","45.47","MONTREAL/PIERRE ELLIOTT TRUDEAU INTL","702S006","2021-12-05 23:00","2021","12","05","23:00","-3.4","","-9.1","","65","","0.0","","9","","6","","","","102.54","","","","-6","","NA"
"-73.74","45.47","MONTREAL/PIERRE ELLIOTT TRUDEAU INTL","702S006","2021-12-06 00:00","2021","12","06","00:00","-3.3","","-9.6","","62","","0.0","","7","","11","","","","102.44","","","","-8","","NA"
"-73.74","45.47","MONTREAL/PIERRE ELLIOTT TRUDEAU INTL","702S006","2021-12-06 01:00","2021","12","06","01:00","-3.6","","-9.4","","64","","0.0","","7","","11","","","","102.34","","","","-8","","NA"
"-73.74","45.47","MONTREAL/PIERRE ELLIOTT TRUDEAU INTL","702S006","2021-12-06 02:00","2021","12","06","02:00","-4.2","","-8.1","","74","","0.0","","8","","14","","","","102.26","","","","-9","","NA"
"-73.74","45.47","MONTREAL/PIERRE ELLIOTT TRUDEAU INTL","702S006","2021-12-06 03:00","2021","12","06","03:00","-5.0","","-6.9","","87","","0.5","","4","","14","","","","102.12","","","","-10","","NA"
"-73.74","45.47","MONTREAL/PIERRE ELLIOTT TRUDEAU INTL","702S006","2021-12-06 04:00","2021","12","06","04:00","-5.1","","-6.4","","91","","1.6","","4","","17","","","","101.91","","","","-11","","NA"
"-73.74","45.47","MONTREAL/PIERRE ELLIOTT TRUDEAU INTL","702S006","2021-12-06 05:00","2021","12","06","05:00","-4.7","","-5.8","","92","","1.2","","4","","18","","","","101.68","","","","-11","","NA"
"-73.74","45.47","MONTREAL/PIERRE ELLIOTT TRUDEAU INTL","702S006","2021-12-06 06:00","2021","12","06","06:00","-3.9","","-4.9","","93","","0.9","","5","","14","","","","101.50","","","","-9","","NA"
"-73.74","45.47","MONTREAL/PIERRE ELLIOTT TRUDEAU INTL","702S006","2021-12-06 07:00","2021","12","06","07:00","-3.0","","-3.8","","94","","3.4","","6","","13","","","","101.31","","","","-8","","NA"
"-73.74","45.47","MONTREAL/PIERRE ELLIOTT TRUDEAU INTL","702S006","2021-12-06 08:00","2021","12","06","08:00","-2.1","","-2.9","","95","","4.4","","5","","15","","","","101.03","","","","-7","","NA"
"-73.74","45.47","MONTREAL/PIERRE ELLIOTT TRUDEAU INTL","702S006","2021-12-06 09:00","2021","12","06","09:00","-0.6","","-1.8","","91","","2.0","","6","","12","","","","100.85","","","","-5","","NA"
"-73.74","45.47","MONTREAL/PIERRE ELLIOTT TRUDEAU INTL","702S006","2021-12-06 10:00","2021","12","06","10:00","0.2","","-0.9","","92","","1.7","","7","","12","","","","100.63","","","","","","NA"
"-73.74","45.47","MONTREAL/PIERRE ELLIOTT TRUDEAU INTL","702S006","2021-12-06 11:00","2021","12","06","11:00","0.9","","0.0","","94","","3.7","","10","","14","","","","100.45","","","","","","NA"
"-73.74","45.47","MONTREAL/PIERRE ELLIOTT TRUDEAU INTL","702S006","2021-12-06 12:00","2021","12","06","12:00","2.5","","0.9","","89","","2.6","","14","","23","","","","100.31","","","","","","NA"
"-73.74","45.47","MONTREAL/PIERRE ELLIOTT TRUDEAU INTL","702S006","2021-12-06 13:00","2021","12","06","13:00","3.5","","1.8","","89","","0.0","","14","","25","","","","100.16","","","","","","NA"
"-73.74","45.47","MONTREAL/PIERRE ELLIOTT TRUDEAU INTL","702S006","2021-12-06 14:00","2021","12","06","14:00","3.7","","1.7","","87","","0.0","","14","","25","","","","99.99","","","","","","NA"
"-73.74","45.47","MONTREAL/PIERRE ELLIOTT TRUDEAU INTL","702S006","2021-12-06 15:00","2021","12","06","15:00","4.4","","2.2","","85","","0.0","","15","","13","","","","99.84","","","","","","NA"
"-73.74","45.47","MONTREAL/PIERRE ELLIOTT TRUDEAU INTL","702S006","2021-12-06 16:00","2021","12","06","16:00","5.5","","4.2","","92","","1.1","","15","","22","","","","99.60","","","","","","NA"
"-73.74","45.47","MONTREAL/PIERRE ELLIOTT TRUDEAU INTL","702S006","2021-12-06 17:00","2021","12","06","17:00","5.6","","4.5","","93","","1.1","","15","","20","","","","99.31","","","","","","NA"
"-73.74","45.47","MONTREAL/PIERRE ELLIOTT TRUDEAU INTL","702S006","2021-12-06 18:00","2021","12","06","18:00","5.9","","5.1","","94","","1.6","","16","","21","","","","99.10","","","","","","NA"
"-73.74","45.47","MONTREAL/PIERRE ELLIOTT TRUDEAU INTL","702S006","2021-12-06 19:00","2021","12","06","19:00","6.3","","5.5","","94","","2.5","","16","","24","","","","98.96","","","","","","NA"
"-73.74","45.47","MONTREAL/PIERRE ELLIOTT TRUDEAU INTL","702S006","2021-12-06 20:00","2021","12","06","20:00","6.2","","5.6","","96","","1.2","","16","","16","","","","98.93","","","","","","NA"
"-73.74","45.47","MONTREAL/PIERRE ELLIOTT TRUDEAU INTL","702S006","2021-12-06 21:00","2021","12","06","21:00","6.1","","5.6","","97","","1.1","","16","","16","","","","98.89","","","","","","NA"
"-73.74","45.47","MONTREAL/PIERRE ELLIOTT TRUDEAU INTL","702S006","2021-12-06 22:00","2021","12","06","22:00","8.7","","6.5","","86","","0.9","","21","","26","","","","98.96","","","","","","NA"
"-73.74","45.47","MONTREAL/PIERRE ELLIOTT TRUDEAU INTL","702S006","2021-12-06 23:00","2021","12","06","23:00","6.6","","3.9","","83","","0.9","","25","","31","","","","99.20","","","","","","NA"
"-73.74","45.47","MONTREAL/PIERRE ELLIOTT TRUDEAU INTL","702S006","2021-12-07 00:00","2021","12","07","00:00","4.9","","-0.3","","69","","0.0","","25","","35","","","","99.35","","","","","","NA"
"-73.74","45.47","MONTREAL/PIERRE ELLIOTT TRUDEAU INTL","702S006","2021-12-07 01:00","2021","12","07","01:00","3.5","","-0.7","","74","","0.0","","24","","34","","","","99.44","","","","","","NA"
"-73.74","45.47","MONTREAL/PIERRE ELLIOTT TRUDEAU INTL","702S006","2021-12-07 02:00","2021","12","07","02:00","3.3","","-2.2","","67","","0.0","","25","","34","","","","99.50","","","","","","NA"
"-73.74","45.47","MONTREAL/PIERRE ELLIOTT TRUDEAU INTL","702S006","2021-12-07 03:00","2021","12","07","03:00","2.8","","-3.6","","63","","0.0","","24","","30","","","","99.57","","","","","","NA"
"-73.74","45.47","MONTREAL/PIERRE ELLIOTT TRUDEAU INTL","702S006","2021-12-07 04:00","2021","12","07","04:00","2.3","","-3.3","","67","","0.0","","24","","27","","","","99.70","","","","","","NA"
"-73.74","45.47","MONTREAL/PIERRE ELLIOTT TRUDEAU INTL","702S006","2021-12-07 05:00","2021","12","07","05:00","2.3","","-3.8","","64","","0.0","","24","","30","","","","99.74","","","","","","NA"
"-73.74","45.47","MONTREAL/PIERRE ELLIOTT TRUDEAU INTL","702S006","2021-12-07 06:00","2021","12","07","06:00","2.0","","-3.6","","67","","0.0","","24","","29","","","","99.85","","","","","","NA"
"-73.74","45.47","MONTREAL/PIERRE ELLIOTT TRUDEAU INTL","702S006","2021-12-07 07:00","2021","12","07","07:00","1.1","","-6.4","","57","","0.0","","26","","35","","","","100.08","","","","","","NA"
"-73.74","45.47","MONTREAL/PIERRE ELLIOTT TRUDEAU INTL","702S006","2021-12-07 08:00","2021","12","07","08:00","-0.4","","-8.0","","56","","0.0","","27","","39","","","","100.39","","","","-8","","NA"
"-73.74","45.47","MONTREAL/PIERRE ELLIOTT TRUDEAU INTL","702S006","2021-12-07 09:00","2021","12","07","09:00","-2.1","","-9.2","","58","","0.0","","28","","34","","","","100.62","","","","-10","","NA"
"-73.74","45.47","MONTREAL/PIERRE ELLIOTT TRUDEAU INTL","702S006","2021-12-07 10:00","2021","12","07","10:00","-3.4","","-11.7","","53","","0.0","","28","","30","","","","100.85","","","","-11","","NA"
"-73.74","45.47","MONTREAL/PIERRE ELLIOTT TRUDEAU INTL","702S006","2021-12-07 11:00","2021","12","07","11:00","-4.0","","-12.2","","53","","0.0","","27","","25","","","","101.04","","","","-11","","NA"
"-73.74","45.47","MONTREAL/PIERRE ELLIOTT TRUDEAU INTL","702S006","2021-12-07 12:00","2021","12","07","12:00","-5.1","","-11.3","","62","","0.0","","25","","21","","","","101.14","","","","-12","","NA"
"-73.74","45.47","MONTREAL/PIERRE ELLIOTT TRUDEAU INTL","702S006","2021-12-07 13:00","2021","12","07","13:00","-5.7","","-11.7","","62","","0.0","","26","","16","","","","101.25","","","","-12","","NA"
"-73.74","45.47","MONTREAL/PIERRE ELLIOTT TRUDEAU INTL","702S006","2021-12-07 14:00","2021","12","07","14:00","-5.4","","-11.7","","61","","0.0","","27","","22","","","","101.39","","","","-12","","NA"
"-73.74","45.47","MONTREAL/PIERRE ELLIOTT TRUDEAU INTL","702S006","2021-12-07 15:00","2021","12","07","15:00","-5.0","","-11.5","","60","","0.0","","26","","19","","","","101.48","","","","-11","","NA"
"-73.74","45.47","MONTREAL/PIERRE ELLIOTT TRUDEAU INTL","702S006","2021-12-07 16:00","2021","12","07","16:00","-4.8","","-11.6","","59","","0.0","","27","","18","","","","101.50","","","","-11","","NA"
"-73.74","45.47","MONTREAL/PIERRE ELLIOTT TRUDEAU INTL","702S006","2021-12-07 17:00","2021","12","07","17:00","-3.7","","-11.8","","54","","0.0","","23","","15","","","","101.48","","","","-9","","NA"
"-73.74","45.47","MONTREAL/PIERRE ELLIOTT TRUDEAU INTL","702S006","2021-12-07 18:00","2021","12","07","18:00","-3.8","","-12.3","","52","","0.0","","25","","22","","","","101.54","","","","-10","","NA"
"-73.74","45.47","MONTREAL/PIERRE ELLIOTT TRUDEAU INTL","702S006","2021-12-07 19:00","2021","12","07","19:00","-3.6","","-12.4","","51","","0.0","","24","","22","","","","101.50","","","","-10","","NA"
"-73.74","45.47","MONTREAL/PIERRE ELLIOTT TRUDEAU INTL","702S006","2021-12-07 20:00","2021","12","07","20:00","-3.7","","-12.5","","51","","0.0","","26","","21","","","","101.56","","","","-10","","NA"
"-73.74","45.47","MONTREAL/PIERRE ELLIOTT TRUDEAU INTL","702S006","2021-12-07 21:00","2021","12","07","21:00","-4.5","","-14.7","","45","","0.0","","25","","20","","","","101.64","","","","-11","","NA"
"-73.74","45.47","MONTREAL/PIERRE ELLIOTT TRUDEAU INTL","702S006","2021-12-07 22:00","2021","12","07","22:00","-5.0","","-16.3","","41","","0.0","","26","","21","","","","101.73","","","","-12","","NA"
"-73.74","45.47","MONTREAL/PIERRE ELLIOTT TRUDEAU INTL","702S006","2021-12-07 23:00","2021","12","07","23:00","-5.9","","-17.0","","41","","0.0","","26","","21","","","","101.80","","","","-13","","NA"
"-73.74","45.47","MONTREAL/PIERRE ELLIOTT TRUDEAU INTL","702S006","2021-12-08 00:00","2021","12","08","00:00","-6.4","","-16.3","","45","","0.0","","27","","17","","","","101.87","","","","-13","","NA"
"-73.74","45.47","MONTREAL/PIERRE ELLIOTT TRUDEAU INTL","702S006","2021-12-08 01:00","2021","12","08","01:00","-6.8","","-16.2","","47","","0.0","","28","","13","","","","101.94","","","","-12","","NA"
"-73.74","45.47","MONTREAL/PIERRE ELLIOTT TRUDEAU INTL","702S006","2021-12-08 02:00","2021","12","08","02:00","-7.3","","-17.2","","45","","0.0","","28","","16","","","","101.97","","","","-14","","NA"
"-73.74","45.47","MONTREAL/PIERRE ELLIOTT TRUDEAU INTL","702S006","2021-12-08 03:00","2021","12","08","03:00","-7.8","","-16.3","","51","","0.0","","29","","10","","","","101.99","","","","-13","","NA"
"-73.74","45.47","MONTREAL/PIERRE ELLIOTT TRUDEAU INTL","702S006","2021-12-08 04:00","2021","12","08","04:00","-7.8","","-15.5","","54","","0.0","","31","","8","","","","102.04","","","","-12","","NA"
"-73.74","45.47","MONTREAL/PIERRE ELLIOTT TRUDEAU INTL","702S006","2021-12-08 05:00","2021","12","08","05:00","-8.0","","-15.3","","56","","0.0","","31","","6","","","","102.02","","","","-11","","NA"
"-73.74","45.47","MONTREAL/PIERRE ELLIOTT TRUDEAU INTL","702S006","2021-12-08 06:00","2021","12","08","06:00","-8.0","","-15.6","","54","","0.0","","34","","5","","","","101.98","","","","-11","","NA"
"-73.74","45.47","MONTREAL/PIERRE ELLIOTT TRUDEAU INTL","702S006","2021-12-08 07:00","2021","12","08","07:00","-8.1","","-14.9","","58","","0.0","","1","","8","","","","101.95","","","","-12","","NA"
"-73.74","45.47","MONTREAL/PIERRE ELLIOTT TRUDEAU INTL","702S006","2021-12-08 08:00","2021","12","08","08:00","-8.4","","-15.2","","58","","0.0","","1","","12","","","","101.90","","","","-14","","NA"
"-73.74","45.47","MONTREAL/PIERRE ELLIOTT TRUDEAU INTL","702S006","2021-12-08 09:00","2021","12","08","09:00","-8.1","","-15.5","","55","","0.0","","4","","10","","","","101.94","","","","-13","","NA"
"-73.74","45.47","MONTREAL/PIERRE ELLIOTT TRUDEAU INTL","702S006","2021-12-08 10:00","2021","12","08","10:00","-8.1","","-13.3","","66","","0.0","","4","","15","","","","101.90","","","","-14","","NA"
"-73.74","45.47","MONTREAL/PIERRE ELLIOTT TRUDEAU INTL","702S006","2021-12-08 11:00","2021","12","08","11:00","-8.1","","-14.7","","59","","0.0","","6","","10","","","","101.89","","","","-13","","NA"
"-73.74","45.47","MONTREAL/PIERRE ELLIOTT TRUDEAU INTL","702S006","2021-12-08 12:00","2021","12","08","12:00","-8.6","","-14.6","","62","","0.0","","8","","12","","","","101.91","","","","-14","","NA"
"-73.74","45.47","MONTREAL/PIERRE ELLIOTT TRUDEAU INTL","702S006","2021-12-08 13:00","2021","12","08","13:00","-8.6","","-14.8","","61","","0.0","","9","","14","","","","101.83","","","","-15","","NA"
"-73.74","45.47","MONTREAL/PIERRE ELLIOTT TRUDEAU INTL","702S006","2021-12-08 14:00","2021","12","08","14:00","-8.3","","-15.6","","56","","0.0","","6","","10","","","","101.84","","","","-13","","NA"
"-73.74","45.47","MONTREAL/PIERRE ELLIOTT TRUDEAU INTL","702S006","2021-12-08 15:00","2021","12","08","15:00","-8.0","","-12.9","","68","","0.0","","6","","10","","","","101.80","","","","-13","","NA"
"-73.74","45.47","MONTREAL/PIERRE ELLIOTT TRUDEAU INTL","702S006","2021-12-08 16:00","2021","12","08","16:00","-7.8","","-12.4","","70","","0.0","","4","","16","","","","101.64","","","","-14","","NA"
"-73.74","45.47","MONTREAL/PIERRE ELLIOTT TRUDEAU INTL","702S006","2021-12-08 17:00","2021","12","08","17:00","-7.4","","-11.1","","75","","0.0","","4","","15","","","","101.51","","","","-14","","NA"
"-73.74","45.47","MONTREAL/PIERRE ELLIOTT TRUDEAU INTL","702S006","2021-12-08 18:00","2021","12","08","18:00","-8.0","","-10.9","","80","","0.0","","4","","19","","","","101.41","","","","-15","","NA"
"-73.74","45.47","MONTREAL/PIERRE ELLIOTT TRUDEAU INTL","702S006","2021-12-08 19:00","2021","12","08","19:00","-8.0","","-10.8","","80","","0.2","","4","","17","","","","101.33","","","","-15","","NA"
"-73.74","45.47","MONTREAL/PIERRE ELLIOTT TRUDEAU INTL","702S006","2021-12-08 20:00","2021","12","08","20:00","-8.0","","-10.7","","81","","0.0","","3","","18","","","","101.30","","","","-15","","NA"
"-73.74","45.47","MONTREAL/PIERRE ELLIOTT TRUDEAU INTL","702S006","2021-12-08 21:00","2021","12","08","21:00","-8.6","","-10.9","","83","","0.0","","3","","16","","","","101.27","","","","-15","","NA"
"-73.74","45.47","MONTREAL/PIERRE ELLIOTT TRUDEAU INTL","702S006","2021-12-08 22:00","2021","12","08","22:00","-9.2","","-11.4","","84","","0.0","","2","","18","","","","101.24","","","","-16","","NA"
"-73.74","45.47","MONTREAL/PIERRE ELLIOTT TRUDEAU INTL","702S006","2021-12-08 23:00","2021","12","08","23:00","-9.7","","-11.9","","84","","0.0","","3","","19","","","","101.23","","","","-17","","NA"
"-73.74","45.47","MONTREAL/PIERRE ELLIOTT TRUDEAU INTL","702S006","2021-12-09 00:00","2021","12","09","00:00","-10.0","","-12.1","","84","","0.0","","2","","17","","","","101.18","","","","-17","","NA"
"-73.74","45.47","MONTREAL/PIERRE ELLIOTT TRUDEAU INTL","702S006","2021-12-09 01:00","2021","12","09","01:00","-10.2","","-12.4","","84","","0.0","","2","","19","","","","101.17","","","","-18","","NA"
"-73.74","45.47","MONTREAL/PIERRE ELLIOTT TRUDEAU INTL","702S006","2021-12-09 02:00","2021","12","09","02:00","-10.4","","-12.5","","84","","0.0","","1","","16","","","","101.15","","","","-17","","NA"
"-73.74","45.47","MONTREAL/PIERRE ELLIOTT TRUDEAU INTL","702S006","2021-12-09 03:00","2021","12","09","03:00","-10.1","","-12.1","","85","","0.0","","1","","15","","","","101.11","","","","-17","","NA"
"-73.74","45.47","MONTREAL/PIERRE ELLIOTT TRUDEAU INTL","702S006","2021-12-09 04:00","2021","12","09","04:00","-9.9","","-11.9","","85","","0.0","","2","","16","","","","101.11","","","","-17","","NA"
"-73.74","45.47","MONTREAL/PIERRE ELLIOTT TRUDEAU INTL","702S006","2021-12-09 05:00","2021","12","09","05:00","-9.7","","-11.7","","85","","0.2","","2","","15","","","","101.09","","","","-16","","NA"
"-73.74","45.47","MONTREAL/PIERRE ELLIOTT TRUDEAU INTL","702S006","2021-12-09 06:00","2021","12","09","06:00","-9.4","","-11.4","","86","","0.2","","2","","10","","","","101.11","","","","-15","","NA"
"-73.74","45.47","MONTREAL/PIERRE ELLIOTT TRUDEAU INTL","702S006","2021-12-09 07:00","2021","12","09","07:00","-9.5","","-11.5","","85","","0.3","","36","","8","","","","101.16","","","","-14","","NA"
"-73.74","45.47","MONTREAL/PIERRE ELLIOTT TRUDEAU INTL","702S006","2021-12-09 08:00","2021","12","09","08:00","-9.3","","-11.4","","85","","0.2","","1","","6","","","","101.25","","","","-13","","NA"
"-73.74","45.47","MONTREAL/PIERRE ELLIOTT TRUDEAU INTL","702S006","2021-12-09 09:00","2021","12","09","09:00","-9.3","","-11.0","","87","","0.2","","32","","7","","","","101.29","","","","-13","","NA"
"-73.74","45.47","MONTREAL/PIERRE ELLIOTT TRUDEAU INTL","702S006","2021-12-09 10:00","2021","12","09","10:00","-9.5","","-11.3","","87","","0.0","","32","","9","","","","101.35","","","","-14","","NA"
"-73.74","45.47","MONTREAL/PIERRE ELLIOTT TRUDEAU INTL","702S006","2021-12-09 11:00","2021","12","09","11:00","-9.7","","-11.6","","86","","0.0","","33","","10","","","","101.42","","","","-15","","NA"
"-73.74","45.47","MONTREAL/PIERRE ELLIOTT TRUDEAU INTL","702S006","2021-12-09 12:00","2021","12","09","12:00","-9.7","","-11.5","","86","","0.0","","31","","7","","","","101.55","","","","-14","","NA"
"-73.74","45.47","MONTREAL/PIERRE ELLIOTT TRUDEAU INTL","702S006","2021-12-09 13:00","2021","12","09","13:00","-10.6","","-12.5","","86","","0.0","","28","","6","","","","101.64","","","","-14","","NA"
"-73.74","45.47","MONTREAL/PIERRE ELLIOTT TRUDEAU INTL","702S006","2021-12-09 14:00","2021","12","09","14:00","-8.8","","-10.9","","85","","0.0","","27","","6","","","","101.74","","","","-12","","NA"
"-73.74","45.47","MONTREAL/PIERRE ELLIOTT TRUDEAU INTL","702S006","2021-12-09 15:00","2021","12","09","15:00","-8.1","","-11.0","","80","","0.0","","27","","4","","","","101.84","","","","-10","","NA"
"-73.74","45.47","MONTREAL/PIERRE ELLIOTT TRUDEAU INTL","702S006","2021-12-09 16:00","2021","12","09","16:00","-6.7","","-10.7","","73","","0.5","","19","","3","","","","101.87","","","","-8","","NA"
"-73.74","45.47","MONTREAL/PIERRE ELLIOTT TRUDEAU INTL","702S006","2021-12-09 17:00","2021","12","09","17:00","-6.3","","-11.3","","68","","0.0","","26","","8","","","","101.86","","","","-10","","NA"
"-73.74","45.47","MONTREAL/PIERRE ELLIOTT TRUDEAU INTL","702S006","2021-12-09 18:00","2021","12","09","18:00","-5.6","","-11.1","","65","","0.0","","25","","9","","","","101.94","","","","-10","","NA"
"-73.74","45.47","MONTREAL/PIERRE ELLIOTT TRUDEAU INTL","702S006","2021-12-09 19:00","2021","12","09","19:00","-5.9","","-11.3","","65","","0.0","","27","","9","","","","101.95","","","","-10","","NA"
"-73.74","45.47","MONTREAL/PIERRE ELLIOTT TRUDEAU INTL","702S006","2021-12-09 20:00","2021","12","09","20:00","-5.6","","-11.1","","65","","0.0","","25","","10","","","","102.00","","","","-10","","NA"
"-73.74","45.47","MONTREAL/PIERRE ELLIOTT TRUDEAU INTL","702S006","2021-12-09 21:00","2021","12","09","21:00","-5.8","","-11.3","","65","","0.0","","24","","5","","","","102.02","","","","-8","","NA"
"-73.74","45.47","MONTREAL/PIERRE ELLIOTT TRUDEAU INTL","702S006","2021-12-09 22:00","2021","12","09","22:00","-6.5","","-11.1","","70","","0.0","","29","","3","","","","102.05","","","","-8","","NA"
"-73.74","45.47","MONTREAL/PIERRE ELLIOTT TRUDEAU INTL","702S006","2021-12-09 23:00","2021","12","09","23:00","-6.3","","-11.0","","69","","0.0","","2","","1","","","","102.05","","","","-7","","NA"
"-73.74","45.47","MONTREAL/PIERRE ELLIOTT TRUDEAU INTL","702S006","2021-12-10 00:00","2021","12","10","00:00","-6.2","","-10.2","","73","","0.0","","9","","6","","","","102.01","","","","-9","","NA"
"-73.74","45.47","MONTREAL/PIERRE ELLIOTT TRUDEAU INTL","702S006","2021-12-10 01:00","2021","12","10","01:00","-6.7","","-9.3","","81","","0.0","","10","","10","","","","102.01","","","","-11","","NA"
"-73.74","45.47","MONTREAL/PIERRE ELLIOTT TRUDEAU INTL","702S006","2021-12-10 02:00","2021","12","10","02:00","-7.3","","-10.2","","80","","0.0","","12","","15","","","","102.01","","","","-13","","NA"
"-73.74","45.47","MONTREAL/PIERRE ELLIOTT TRUDEAU INTL","702S006","2021-12-10 03:00","2021","12","10","03:00","-7.4","","-10.9","","76","","0.0","","13","","14","","","","102.03","","","","-13","","NA"
"-73.74","45.47","MONTREAL/PIERRE ELLIOTT TRUDEAU INTL","702S006","2021-12-10 04:00","2021","12","10","04:00","-7.7","","-10.4","","81","","0.0","","11","","12","","","","101.97","","","","-13","","NA"
"-73.74","45.47","MONTREAL/PIERRE ELLIOTT TRUDEAU INTL","702S006","2021-12-10 05:00","2021","12","10","05:00","-7.7","","-11.2","","76","","0.0","","9","","9","","","","101.89","","","","-12","","NA"
"-73.74","45.47","MONTREAL/PIERRE ELLIOTT TRUDEAU INTL","702S006","2021-12-10 06:00","2021","12","10","06:00","-7.7","","-11.5","","74","","0.0","","8","","9","","","","101.82","","","","-12","","NA"
"-73.74","45.47","MONTREAL/PIERRE ELLIOTT TRUDEAU INTL","702S006","2021-12-10 07:00","2021","12","10","07:00","-7.3","","-11.5","","72","","0.0","","5","","9","","","","101.73","","","","-12","","NA"
"-73.74","45.47","MONTREAL/PIERRE ELLIOTT TRUDEAU INTL","702S006","2021-12-10 08:00","2021","12","10","08:00","-7.0","","-11.4","","71","","0.0","","4","","9","","","","101.69","","","","-11","","NA"
"-73.74","45.47","MONTREAL/PIERRE ELLIOTT TRUDEAU INTL","702S006","2021-12-10 09:00","2021","12","10","09:00","-7.4","","-11.0","","75","","0.0","","4","","13","","","","101.63","","","","-13","","NA"
"-73.74","45.47","MONTREAL/PIERRE ELLIOTT TRUDEAU INTL","702S006","2021-12-10 10:00","2021","12","10","10:00","-7.8","","-11.0","","77","","0.0","","4","","16","","","","101.56","","","","-14","","NA"
"-73.74","45.47","MONTREAL/PIERRE ELLIOTT TRUDEAU INTL","702S006","2021-12-10 11:00","2021","12","10","11:00","-7.9","","-10.2","","83","","0.0","","4","","13","","","","101.45","","","","-14","","NA"
"-73.74","45.47","MONTREAL/PIERRE ELLIOTT TRUDEAU INTL","702S006","2021-12-10 12:00","2021","12","10","12:00","-7.3","","-9.3","","86","","0.0","","3","","12","","","","101.46","","","","-13","","NA"
"-73.74","45.47","MONTREAL/PIERRE ELLIOTT TRUDEAU INTL","702S006","2021-12-10 13:00","2021","12","10","13:00","-6.8","","-8.8","","85","","0.0","","3","","13","","","","101.43","","","","-12","","NA"
"-73.74","45.47","MONTREAL/PIERRE ELLIOTT TRUDEAU INTL","702S006","2021-12-10 14:00","2021","12","10","14:00","-6.2","","-8.0","","87","","0.0","","1","","14","","","","101.41","","","","-12","","NA"
"-73.74","45.47","MONTREAL/PIERRE ELLIOTT TRUDEAU INTL","702S006","2021-12-10 15:00","2021","12","10","15:00","-7.4","","-9.2","","87","","0.0","","2","","18","","","","101.47","","","","-14","","NA"
"-73.74","45.47","MONTREAL/PIERRE ELLIOTT TRUDEAU INTL","702S006","2021-12-10 16:00","2021","12","10","16:00","-7.0","","-8.8","","87","","0.0","","1","","17","","","","101.37","","","","-13","","NA"
"-73.74","45.47","MONTREAL/PIERRE ELLIOTT TRUDEAU INTL","702S006","2021-12-10 17:00","2021","12","10","17:00","-6.5","","-8.2","","88","","0.0","","1","","18","","","","101.33","","","","-13","","NA"
"-73.74","45.47","MONTREAL/PIERRE ELLIOTT TRUDEAU INTL","702S006","2021-12-10 18:00","2021","12","10","18:00","-6.1","","-7.9","","87","","0.0","","1","","16","","","","101.31","","","","-12","","NA"
"-73.74","45.47","MONTREAL/PIERRE ELLIOTT TRUDEAU INTL","702S006","2021-12-10 19:00","2021","12","10","19:00","-5.8","","-7.5","","88","","0.0","","2","","16","","","","101.33","","","","-12","","NA"
"-73.74","45.47","MONTREAL/PIERRE ELLIOTT TRUDEAU INTL","702S006","2021-12-10 20:00","2021","12","10","20:00","-5.4","","-7.2","","88","","0.0","","1","","15","","","","101.42","","","","-11","","NA"
"-73.74","45.47","MONTREAL/PIERRE ELLIOTT TRUDEAU INTL","702S006","2021-12-10 21:00","2021","12","10","21:00","-5.1","","-6.9","","87","","0.0","","2","","13","","","","101.46","","","","-10","","NA"
"-73.74","45.47","MONTREAL/PIERRE ELLIOTT TRUDEAU INTL","702S006","2021-12-10 22:00","2021","12","10","22:00","-4.8","","-6.7","","86","","0.0","","1","","9","","","","101.50","","","","-9","","NA"
"-73.74","45.47","MONTREAL/PIERRE ELLIOTT TRUDEAU INTL","702S006","2021-12-10 23:00","2021","12","10","23:00","-4.7","","-6.6","","87","","0.0","","2","","9","","","","101.50","","","","-9","","NA"
"-73.74","45.47","MONTREAL/PIERRE ELLIOTT TRUDEAU INTL","702S006","2021-12-11 00:00","2021","12","11","00:00","-4.6","","-6.5","","86","","0.0","","2","","13","","","","101.56","","","","-10","","NA"
"-73.74","45.47","MONTREAL/PIERRE ELLIOTT TRUDEAU INTL","702S006","2021-12-11 01:00","2021","12","11","01:00","-4.7","","-6.5","","87","","0.0","","1","","14","","","","101.56","","","","-10","","NA"
"-73.74","45.47","MONTREAL/PIERRE ELLIOTT TRUDEAU INTL","702S006","2021-12-11 02:00","2021","12","11","02:00","-4.5","","-6.2","","87","","0.0","","2","","13","","","","101.60","","","","-10","","NA"
"-73.74","45.47","MONTREAL/PIERRE ELLIOTT TRUDEAU INTL","702S006","2021-12-11 03:00","2021","12","11","03:00","-4.0","","-5.9","","87","","0.0","","2","","14","","","","101.59","","","","-9","","NA"
"-73.74","45.47","MONTREAL/PIERRE ELLIOTT TRUDEAU INTL","702S006","2021-12-11 04:00","2021","12","11","04:00","-3.3","","-5.3","","86","","0.0","","4","","11","","","","101.49","","","","-8","","NA"
"-73.74","45.47","MONTREAL/PIERRE ELLIOTT TRUDEAU INTL","702S006","2021-12-11 05:00","2021","12","11","05:00","-2.5","","-4.3","","87","","0.0","","4","","9","","","","101.41","","","","-6","","NA"
"-73.74","45.47","MONTREAL/PIERRE ELLIOTT TRUDEAU INTL","702S006","2021-12-11 06:00","2021","12","11","06:00","-2.6","","-4.4","","88","","0.0","","3","","15","","","","101.40","","","","-8","","NA"
"-73.74","45.47","MONTREAL/PIERRE ELLIOTT TRUDEAU INTL","702S006","2021-12-11 07:00","2021","12","11","07:00","-2.7","","-4.4","","88","","0.0","","3","","16","","","","101.32","","","","-8","","NA"
"-73.74","45.47","MONTREAL/PIERRE ELLIOTT TRUDEAU INTL","702S006","2021-12-11 08:00","2021","12","11","08:00","-2.5","","-4.3","","87","","0.0","","4","","20","","","","101.10","","","","-8","","NA"
"-73.74","45.47","MONTREAL/PIERRE ELLIOTT TRUDEAU INTL","702S006","2021-12-11 09:00","2021","12","11","09:00","-2.2","","-4.1","","87","","0.0","","4","","18","","","","100.99","","","","-8","","NA"
"-73.74","45.47","MONTREAL/PIERRE ELLIOTT TRUDEAU INTL","702S006","2021-12-11 10:00","2021","12","11","10:00","-2.5","","-4.2","","88","","0.0","","4","","23","","","","100.77","","","","-9","","NA"
"-73.74","45.47","MONTREAL/PIERRE ELLIOTT TRUDEAU INTL","702S006","2021-12-11 11:00","2021","12","11","11:00","-2.4","","-4.1","","88","","0.0","","3","","25","","","","100.57","","","","-9","","NA"
"-73.74","45.47","MONTREAL/PIERRE ELLIOTT TRUDEAU INTL","702S006","2021-12-11 12:00","2021","12","11","12:00","-1.7","","-3.1","","91","","0.0","","4","","17","","","","100.41","","","","-7","","NA"
"-73.74","45.47","MONTREAL/PIERRE ELLIOTT TRUDEAU INTL","702S006","2021-12-11 13:00","2021","12","11","13:00","-0.3","","-1.4","","92","","0.9","","4","","10","","","","100.09","","","","-4","","NA"
"-73.74","45.47","MONTREAL/PIERRE ELLIOTT TRUDEAU INTL","702S006","2021-12-11 14:00","2021","12","11","14:00","1.4","","0.6","","94","","8.4","","5","","16","","","","99.79","","","","","","NA"
"-73.74","45.47","MONTREAL/PIERRE ELLIOTT TRUDEAU INTL","702S006","2021-12-11 15:00","2021","12","11","15:00","2.5","","1.7","","94","","6.7","","11","","22","","","","99.54","","","","","","NA"
"-73.74","45.47","MONTREAL/PIERRE ELLIOTT TRUDEAU INTL","702S006","2021-12-11 16:00","2021","12","11","16:00","4.8","","3.7","","92","","0.6","","14","","25","","","","99.27","","","","","","NA"
"-73.74","45.47","MONTREAL/PIERRE ELLIOTT TRUDEAU INTL","702S006","2021-12-11 17:00","2021","12","11","17:00","5.8","","4.2","","90","","0.0","","15","","28","","","","99.08","","","","","","NA"
"-73.74","45.47","MONTREAL/PIERRE ELLIOTT TRUDEAU INTL","702S006","2021-12-11 18:00","2021","12","11","18:00","6.5","","4.9","","89","","0.0","","15","","23","","","","98.94","","","","","","NA"
"-73.74","45.47","MONTREAL/PIERRE ELLIOTT TRUDEAU INTL","702S006","2021-12-11 19:00","2021","12","11","19:00","6.9","","5.3","","89","","0.0","","15","","24","","","","98.85","","","","","","NA"
"-73.74","45.47","MONTREAL/PIERRE ELLIOTT TRUDEAU INTL","702S006","2021-12-11 20:00","2021","12","11","20:00","7.3","","5.9","","91","","0.0","","14","","20","","","","98.72","","","","","","NA"
"-73.74","45.47","MONTREAL/PIERRE ELLIOTT TRUDEAU INTL","702S006","2021-12-11 21:00","2021","12","11","21:00","7.8","","6.5","","91","","0.0","","14","","23","","","","98.55","","","","","","NA"
"-73.74","45.47","MONTREAL/PIERRE ELLIOTT TRUDEAU INTL","702S006","2021-12-11 22:00","2021","12","11","22:00","8.5","","7.0","","90","","0.0","","14","","25","","","","98.40","","","","","","NA"
"-73.74","45.47","MONTREAL/PIERRE ELLIOTT TRUDEAU INTL","702S006","2021-12-11 23:00","2021","12","11","23:00","8.9","","7.3","","90","","0.0","","14","","20","","","","98.24","","","","","","NA"
"-73.74","45.47","MONTREAL/PIERRE ELLIOTT TRUDEAU INTL","702S006","2021-12-12 00:00","2021","12","12","00:00","9.5","","7.8","","89","","0.0","","16","","24","","","","98.22","","","","","","NA"
"-73.74","45.47","MONTREAL/PIERRE ELLIOTT TRUDEAU INTL","702S006","2021-12-12 01:00","2021","12","12","01:00","11.5","","1.6","","50","","0.9","","23","","48","","","","98.34","","","","","","NA"
"-73.74","45.47","MONTREAL/PIERRE ELLIOTT TRUDEAU INTL","702S006","2021-12-12 02:00","2021","12","12","02:00","7.4","","1.5","","66","","0.0","","24","","49","","","","98.63","","","","","","NA"
"-73.74","45.47","MONTREAL/PIERRE ELLIOTT TRUDEAU INTL","702S006","2021-12-12 03:00","2021","12","12","03:00","6.7","","-0.2","","61","","0.0","","24","","45","","","","98.76","","","","","","NA"
"-73.74","45.47","MONTREAL/PIERRE ELLIOTT TRUDEAU INTL","702S006","2021-12-12 04:00","2021","12","12","04:00","6.6","","-1.1","","58","","0.0","","25","","48","","","","98.78","","","","","","NA"
"-73.74","45.47","MONTREAL/PIERRE ELLIOTT TRUDEAU INTL","702S006","2021-12-12 05:00","2021","12","12","05:00","5.3","","-2.2","","58","","0.0","","25","","45","","","","99.02","","","","","","NA"
"-73.74","45.47","MONTREAL/PIERRE ELLIOTT TRUDEAU INTL","702S006","2021-12-12 06:00","2021","12","12","06:00","2.5","","-2.7","","69","","0.0","","27","","45","","","","99.34","","","","","","NA"
"-73.74","45.47","MONTREAL/PIERRE ELLIOTT TRUDEAU INTL","702S006","2021-12-12 07:00","2021","12","12","07:00","2.7","","-5.4","","55","","0.0","","26","","42","","","","99.73","","","","","","NA"
"-73.74","45.47","MONTREAL/PIERRE ELLIOTT TRUDEAU INTL","702S006","2021-12-12 08:00","2021","12","12","08:00","2.1","","-5.6","","57","","0.0","","26","","37","","","","100.00","","","","","","NA"
"-73.74","45.47","MONTREAL/PIERRE ELLIOTT TRUDEAU INTL","702S006","2021-12-12 09:00","2021","12","12","09:00","2.0","","-6.2","","55","","0.0","","26","","30","","","","100.18","","","","","","NA"
"-73.74","45.47","MONTREAL/PIERRE ELLIOTT TRUDEAU INTL","702S006","2021-12-12 10:00","2021","12","12","10:00","1.5","","-6.5","","55","","0.0","","26","","31","","","","100.34","","","","","","NA"
"-73.74","45.47","MONTREAL/PIERRE ELLIOTT TRUDEAU INTL","702S006","2021-12-12 11:00","2021","12","12","11:00","0.9","","-6.7","","57","","0.0","","25","","24","","","","100.52","","","","","","NA"
"-73.74","45.47","MONTREAL/PIERRE ELLIOTT TRUDEAU INTL","702S006","2021-12-12 12:00","2021","12","12","12:00","0.7","","-6.9","","57","","0.0","","26","","27","","","","100.59","","","","","","NA"
"-73.74","45.47","MONTREAL/PIERRE ELLIOTT TRUDEAU INTL","702S006","2021-12-12 13:00","2021","12","12","13:00","1.0","","-6.3","","58","","0.0","","25","","22","","","","100.63","","","","","","NA"
"-73.74","45.47","MONTREAL/PIERRE ELLIOTT TRUDEAU INTL","702S006","2021-12-12 14:00","2021","12","12","14:00","2.0","","-5.5","","57","","0.0","","25","","31","","","","100.72","","","","","","NA"
"-73.74","45.47","MONTREAL/PIERRE ELLIOTT TRUDEAU INTL","702S006","2021-12-12 15:00","2021","12","12","15:00","2.9","","-4.5","","58","","0.0","","25","","33","","","","100.75","","","","","","NA"
"-73.74","45.47","MONTREAL/PIERRE ELLIOTT TRUDEAU INTL","702S006","2021-12-12 16:00","2021","12","12","16:00","3.9","","-4.0","","56","","0.0","","25","","29","","","","100.76","","","","","","NA"
"-73.74","45.47","MONTREAL/PIERRE ELLIOTT TRUDEAU INTL","702S006","2021-12-12 17:00","2021","12","12","17:00","4.7","","-4.7","","50","","0.0","","26","","27","","","","100.76","","","","","","NA"
"-73.74","45.47","MONTREAL/PIERRE ELLIOTT TRUDEAU INTL","702S006","2021-12-12 18:00","2021","12","12","18:00","5.4","","-5.5","","45","","0.0","","24","","24","","","","100.72","","","","","","NA"
"-73.74","45.47","MONTREAL/PIERRE ELLIOTT TRUDEAU INTL","702S006","2021-12-12 19:00","2021","12","12","19:00","6.0","","-6.9","","39","","0.0","","25","","28","","","","100.70","","","","","","NA"
"-73.74","45.47","MONTREAL/PIERRE ELLIOTT TRUDEAU INTL","702S006","2021-12-12 20:00","2021","12","12","20:00","5.9","","-8.2","","36","","0.0","","24","","25","","","","100.71","","","","","","NA"
"-73.74","45.47","MONTREAL/PIERRE ELLIOTT TRUDEAU INTL","702S006","2021-12-12 21:00","2021","12","12","21:00","5.3","","-7.7","","38","","0.0","","24","","23","","","","100.75","","","","","","NA"
"-73.74","45.47","MONTREAL/PIERRE ELLIOTT TRUDEAU INTL","702S006","2021-12-12 22:00","2021","12","12","22:00","4.8","","-3.4","","55","","0.0","","23","","27","","","","100.78","","","","","","NA"
"-73.74","45.47","MONTREAL/PIERRE ELLIOTT TRUDEAU INTL","702S006","2021-12-12 23:00","2021","12","12","23:00","4.2","","-2.7","","61","","0.0","","23","","27","","","","100.79","","","","","","NA"
"-73.74","45.47","MONTREAL/PIERRE ELLIOTT TRUDEAU INTL","702S006","2021-12-13 00:00","2021","12","13","00:00","4.6","","-3.3","","56","","0.0","","24","","29","","","","100.76","","","","","","NA"
"-73.74","45.47","MONTREAL/PIERRE ELLIOTT TRUDEAU INTL","702S006","2021-12-13 01:00","2021","12","13","01:00","4.6","","-1.6","","64","","0.0","","24","","25","","","","100.79","","","","","","NA"
"-73.74","45.47","MONTREAL/PIERRE ELLIOTT TRUDEAU INTL","702S006","2021-12-13 02:00","2021","12","13","02:00","5.2","","-0.8","","65","","0.0","","24","","28","","","","100.81","","","","","","NA"
"-73.74","45.47","MONTREAL/PIERRE ELLIOTT TRUDEAU INTL","702S006","2021-12-13 03:00","2021","12","13","03:00","5.1","","-1.1","","64","","0.0","","24","","32","","","","100.72","","","","","","NA"
"-73.74","45.47","MONTREAL/PIERRE ELLIOTT TRUDEAU INTL","702S006","2021-12-13 04:00","2021","12","13","04:00","5.2","","-1.3","","63","","0.0","","24","","27","","","","100.74","","","","","","NA"
"-73.74","45.47","MONTREAL/PIERRE ELLIOTT TRUDEAU INTL","702S006","2021-12-13 05:00","2021","12","13","05:00","4.9","","-1.0","","66","","0.0","","24","","21","","","","100.79","","","","","","NA"
"-73.74","45.47","MONTREAL/PIERRE ELLIOTT TRUDEAU INTL","702S006","2021-12-13 06:00","2021","12","13","06:00","4.9","","-1.6","","63","","0.0","","24","","22","","","","100.81","","","","","","NA"
"-73.74","45.47","MONTREAL/PIERRE ELLIOTT TRUDEAU INTL","702S006","2021-12-13 07:00","2021","12","13","07:00","5.2","","-1.7","","61","","0.0","","25","","26","","","","100.87","","","","","","NA"
"-73.74","45.47","MONTREAL/PIERRE ELLIOTT TRUDEAU INTL","702S006","2021-12-13 08:00","2021","12","13","08:00","5.2","","-1.6","","61","","0.0","","25","","27","","","","100.92","","","","","","NA"
"-73.74","45.47","MONTREAL/PIERRE ELLIOTT TRUDEAU INTL","702S006","2021-12-13 09:00","2021","12","13","09:00","5.5","","-1.7","","60","","0.0","","25","","26","","","","100.95","","","","","","NA"
"-73.74","45.47","MONTREAL/PIERRE ELLIOTT TRUDEAU INTL","702S006","2021-12-13 10:00","2021","12","13","10:00","5.3","","-2.1","","59","","0.0","","25","","22","","","","100.98","","","","","","NA"
"-73.74","45.47","MONTREAL/PIERRE ELLIOTT TRUDEAU INTL","702S006","2021-12-13 11:00","2021","12","13","11:00","5.7","","-1.8","","59","","0.0","","25","","28","","","","101.00","","","","","","NA"
"-73.74","45.47","MONTREAL/PIERRE ELLIOTT TRUDEAU INTL","702S006","2021-12-13 12:00","2021","12","13","12:00","5.4","","-1.6","","60","","0.0","","25","","27","","","","101.06","","","","","","NA"
"-73.74","45.47","MONTREAL/PIERRE ELLIOTT TRUDEAU INTL","702S006","2021-12-13 13:00","2021","12","13","13:00","5.6","","-1.6","","60","","0.0","","24","","23","","","","101.12","","","","","","NA"
"-73.74","45.47","MONTREAL/PIERRE ELLIOTT TRUDEAU INTL","702S006","2021-12-13 14:00","2021","12","13","14:00","5.7","","-1.2","","61","","0.0","","24","","22","","","","101.17","","","","","","NA"
"-73.74","45.47","MONTREAL/PIERRE ELLIOTT TRUDEAU INTL","702S006","2021-12-13 15:00","2021","12","13","15:00","6.7","","-0.7","","59","","0.0","","24","","21","","","","101.23","","","","","","NA"
"-73.74","45.47","MONTREAL/PIERRE ELLIOTT TRUDEAU INTL","702S006","2021-12-13 16:00","2021","12","13","16:00","7.3","","-0.9","","56","","0.0","","24","","25","","","","101.15","","","","","","NA"
"-73.74","45.47","MONTREAL/PIERRE ELLIOTT TRUDEAU INTL","702S006","2021-12-13 17:00","2021","12","13","17:00","7.8","","-0.8","","54","","0.0","","24","","25","","","","101.05","","","","","","NA"
"-73.74","45.47","MONTREAL/PIERRE ELLIOTT TRUDEAU INTL","702S006","2021-12-13 18:00","2021","12","13","18:00","8.3","","-0.7","","53","","0.0","","24","","28","","","","100.99","","","","","","NA"
"-73.74","45.47","MONTREAL/PIERRE ELLIOTT TRUDEAU INTL","702S006","2021-12-13 19:00","2021","12","13","19:00","8.1","","0.6","","59","","0.0","","23","","26","","","","100.90","","","","","","NA"
"-73.74","45.47","MONTREAL/PIERRE ELLIOTT TRUDEAU INTL","702S006","2021-12-13 20:00","2021","12","13","20:00","8.0","","0.6","","59","","0.0","","23","","15","","","","100.92","","","","","","NA"
"-73.74","45.47","MONTREAL/PIERRE ELLIOTT TRUDEAU INTL","702S006","2021-12-13 21:00","2021","12","13","21:00","7.7","","0.0","","58","","0.0","","24","","25","","","","100.91","","","","","","NA"
"-73.74","45.47","MONTREAL/PIERRE ELLIOTT TRUDEAU INTL","702S006","2021-12-13 22:00","2021","12","13","22:00","6.9","","0.1","","62","","0.0","","24","","23","","","","100.95","","","","","","NA"
"-73.74","45.47","MONTREAL/PIERRE ELLIOTT TRUDEAU INTL","702S006","2021-12-13 23:00","2021","12","13","23:00","6.7","","0.2","","63","","0.0","","24","","22","","","","101.00","","","","","","NA"
"-73.74","45.47","MONTREAL/PIERRE ELLIOTT TRUDEAU INTL","702S006","2021-12-14 00:00","2021","12","14","00:00","6.5","","0.4","","65","","0.0","","25","","32","","","","101.02","","","","","","NA"
"-73.74","45.47","MONTREAL/PIERRE ELLIOTT TRUDEAU INTL","702S006","2021-12-14 01:00","2021","12","14","01:00","6.2","","0.4","","66","","0.0","","25","","34","","","","101.10","","","","","","NA"
"-73.74","45.47","MONTREAL/PIERRE ELLIOTT TRUDEAU INTL","702S006","2021-12-14 02:00","2021","12","14","02:00","5.7","","0.0","","67","","0.0","","25","","28","","","","101.18","","","","","","NA"
"-73.74","45.47","MONTREAL/PIERRE ELLIOTT TRUDEAU INTL","702S006","2021-12-14 03:00","2021","12","14","03:00","5.3","","-0.6","","66","","0.0","","25","","26","","","","101.27","","","","","","NA"
"-73.74","45.47","MONTREAL/PIERRE ELLIOTT TRUDEAU INTL","702S006","2021-12-14 04:00","2021","12","14","04:00","4.8","","-0.8","","67","","0.0","","26","","21","","","","101.39","","","","","","NA"
"-73.74","45.47","MONTREAL/PIERRE ELLIOTT TRUDEAU INTL","702S006","2021-12-14 05:00","2021","12","14","05:00","4.2","","-0.9","","69","","0.0","","26","","19","","","","101.53","","","","","","NA"
"-73.74","45.47","MONTREAL/PIERRE ELLIOTT TRUDEAU INTL","702S006","2021-12-14 06:00","2021","12","14","06:00","4.0","","-0.9","","70","","0.0","","26","","15","","","","101.67","","","","","","NA"
"-73.74","45.47","MONTREAL/PIERRE ELLIOTT TRUDEAU INTL","702S006","2021-12-14 07:00","2021","12","14","07:00","3.6","","-0.9","","73","","0.0","","27","","15","","","","101.85","","","","","","NA"
"-73.74","45.47","MONTREAL/PIERRE ELLIOTT TRUDEAU INTL","702S006","2021-12-14 08:00","2021","12","14","08:00","3.6","","-0.7","","73","","0.0","","28","","18","","","","102.01","","","","","","NA"
"-73.74","45.47","MONTREAL/PIERRE ELLIOTT TRUDEAU INTL","702S006","2021-12-14 09:00","2021","12","14","09:00","3.0","","-1.3","","74","","0.0","","28","","18","","","","102.09","","","","","","NA"
"-73.74","45.47","MONTREAL/PIERRE ELLIOTT TRUDEAU INTL","702S006","2021-12-14 10:00","2021","12","14","10:00","1.8","","-2.4","","73","","0.0","","29","","19","","","","102.25","","","","","","NA"
"-73.74","45.47","MONTREAL/PIERRE ELLIOTT TRUDEAU INTL","702S006","2021-12-14 11:00","2021","12","14","11:00","1.3","","-3.8","","69","","0.0","","32","","18","","","","102.42","","","","","","NA"
"-73.74","45.47","MONTREAL/PIERRE ELLIOTT TRUDEAU INTL","702S006","2021-12-14 12:00","2021","12","14","12:00","0.4","","-4.8","","68","","0.0","","31","","19","","","","102.57","","","","","","NA"
"-73.74","45.47","MONTREAL/PIERRE ELLIOTT TRUDEAU INTL","702S006","2021-12-14 13:00","2021","12","14","13:00","-0.3","","-6.0","","65","","0.0","","32","","17","","","","102.76","","","","-5","","NA"
"-73.74","45.47","MONTREAL/PIERRE ELLIOTT TRUDEAU INTL","702S006","2021-12-14 14:00","2021","12","14","14:00","0.8","","-7.1","","55","","0.0","","36","","15","","","","102.92","","","","","","NA"
"-73.74","45.47","MONTREAL/PIERRE ELLIOTT TRUDEAU INTL","702S006","2021-12-14 15:00","2021","12","14","15:00","0.6","","-9.9","","45","","0.0","","3","","17","","","","103.05","","","","","","NA"
"-73.74","45.47","MONTREAL/PIERRE ELLIOTT TRUDEAU INTL","702S006","2021-12-14 16:00","2021","12","14","16:00","1.0","","-10.4","","42","","0.0","","2","","15","","","","103.09","","","","","","NA"
"-73.74","45.47","MONTREAL/PIERRE ELLIOTT TRUDEAU INTL","702S006","2021-12-14 17:00","2021","12","14","17:00","1.1","","-10.5","","42","","0.0","","36","","11","","","","103.07","","","","","","NA"
"-73.74","45.47","MONTREAL/PIERRE ELLIOTT TRUDEAU INTL","702S006","2021-12-14 18:00","2021","12","14","18:00","1.6","","-10.4","","40","","0.0","","36","","4","","","","103.09","","","","","","NA"
"-73.74","45.47","MONTREAL/PIERRE ELLIOTT TRUDEAU INTL","702S006","2021-12-14 19:00","2021","12","14","19:00","2.6","","-9.7","","40","","0.0","","21","","3","","","","103.13","","","","","","NA"
"-73.74","45.47","MONTREAL/PIERRE ELLIOTT TRUDEAU INTL","702S006","2021-12-14 20:00","2021","12","14","20:00","1.9","","-8.1","","47","","0.0","","22","","9","","","","103.24","","","","","","NA"
"-73.74","45.47","MONTREAL/PIERRE ELLIOTT TRUDEAU INTL","702S006","2021-12-14 21:00","2021","12","14","21:00","0.7","","-10.4","","43","","0.0","","28","","13","","","","103.29","","","","","","NA"
"-73.74","45.47","MONTREAL/PIERRE ELLIOTT TRUDEAU INTL","702S006","2021-12-14 22:00","2021","12","14","22:00","-0.3","","-11.1","","44","","0.0","","28","","10","","","","103.40","","","","-4","","NA"
"-73.74","45.47","MONTREAL/PIERRE ELLIOTT TRUDEAU INTL","702S006","2021-12-14 23:00","2021","12","14","23:00","-1.7","","-10.3","","52","","0.0","","29","","5","","","","103.44","","","","-4","","NA"
"-73.74","45.47","MONTREAL/PIERRE ELLIOTT TRUDEAU INTL","702S006","2021-12-15 00:00","2021","12","15","00:00","-3.2","","-9.8","","60","","0.0","","30","","7","","","","103.44","","","","-6","","NA"
"-73.74","45.47","MONTREAL/PIERRE ELLIOTT TRUDEAU INTL","702S006","2021-12-15 01:00","2021","12","15","01:00","-3.7","","-9.8","","63","","0.0","","30","","6","","","","103.49","","","","-6","","NA"
"-73.74","45.47","MONTREAL/PIERRE ELLIOTT TRUDEAU INTL","702S006","2021-12-15 02:00","2021","12","15","02:00","-2.9","","-10.2","","57","","0.0","","35","","4","","","","103.46","","","","-4","","NA"
"-73.74","45.47","MONTREAL/PIERRE ELLIOTT TRUDEAU INTL","702S006","2021-12-15 03:00","2021","12","15","03:00","-4.7","","-9.6","","69","","0.2","","36","","4","","","","103.51","","","","-6","","NA"
"-73.74","45.47","MONTREAL/PIERRE ELLIOTT TRUDEAU INTL","702S006","2021-12-15 04:00","2021","12","15","04:00","-5.5","","-9.9","","71","","0.0","","26","","4","","","","103.54","","","","-7","","NA"
"-73.74","45.47","MONTREAL/PIERRE ELLIOTT TRUDEAU INTL","702S006","2021-12-15 05:00","2021","12","15","05:00","-6.0","","-10.0","","73","","0.0","","32","","4","","","","103.52","","","","-8","","NA"
"-73.74","45.47","MONTREAL/PIERRE ELLIOTT TRUDEAU INTL","702S006","2021-12-15 06:00","2021","12","15","06:00","-4.0","","-10.3","","61","","0.0","","3","","5","","","","103.55","","","","-6","","NA"
"-73.74","45.47","MONTREAL/PIERRE ELLIOTT TRUDEAU INTL","702S006","2021-12-15 07:00","2021","12","15","07:00","-5.5","","-9.7","","72","","0.0","","2","","4","","","","103.57","","","","-7","","NA"
"-73.74","45.47","MONTREAL/PIERRE ELLIOTT TRUDEAU INTL","702S006","2021-12-15 08:00","2021","12","15","08:00","-5.3","","-9.5","","72","","0.0","","1","","8","","","","103.59","","","","-9","","NA"
"-73.74","45.47","MONTREAL/PIERRE ELLIOTT TRUDEAU INTL","702S006","2021-12-15 09:00","2021","12","15","09:00","-3.8","","-9.8","","63","","0.3","","9","","5","","","","103.59","","","","-6","","NA"
"-73.74","45.47","MONTREAL/PIERRE ELLIOTT TRUDEAU INTL","702S006","2021-12-15 10:00","2021","12","15","10:00","-3.5","","-10.3","","59","","0.0","","9","","9","","","","103.57","","","","-7","","NA"
"-73.74","45.47","MONTREAL/PIERRE ELLIOTT TRUDEAU INTL","702S006","2021-12-15 11:00","2021","12","15","11:00","-3.6","","-11.1","","56","","0.0","","9","","10","","","","103.57","","","","-8","","NA"
"-73.74","45.47","MONTREAL/PIERRE ELLIOTT TRUDEAU INTL","702S006","2021-12-15 12:00","2021","12","15","12:00","-3.6","","-11.2","","56","","0.0","","7","","11","","","","103.48","","","","-8","","NA"
"-73.74","45.47","MONTREAL/PIERRE ELLIOTT TRUDEAU INTL","702S006","2021-12-15 13:00","2021","12","15","13:00","-3.7","","-11.6","","54","","0.0","","8","","12","","","","103.37","","","","-8","","NA"
"-73.74","45.47","MONTREAL/PIERRE ELLIOTT TRUDEAU INTL","702S006","2021-12-15 14:00","2021","12","15","14:00","-3.1","","-11.7","","52","","0.0","","7","","10","","","","103.30","","","","-7","","NA"
"-73.74","45.47","MONTREAL/PIERRE ELLIOTT TRUDEAU INTL","702S006","2021-12-15 15:00","2021","12","15","15:00","-1.9","","-11.3","","49","","0.0","","5","","13","","","","103.17","","","","-6","","NA"
"-73.74","45.47","MONTREAL/PIERRE ELLIOTT TRUDEAU INTL","702S006","2021-12-15 16:00","2021","12","15","16:00","-1.5","","-10.0","","52","","0.0","","3","","15","","","","103.05","","","","-6","","NA"
"-73.74","45.47","MONTREAL/PIERRE ELLIOTT TRUDEAU INTL","702S006","2021-12-15 17:00","2021","12","15","17:00","-0.9","","-9.7","","51","","0.0","","4","","15","","","","102.86","","","","-6","","NA"
"-73.74","45.47","MONTREAL/PIERRE ELLIOTT TRUDEAU INTL","702S006","2021-12-15 18:00","2021","12","15","18:00","-0.8","","-8.9","","54","","0.0","","4","","15","","","","102.63","","","","-5","","NA"
"-73.74","45.47","MONTREAL/PIERRE ELLIOTT TRUDEAU INTL","702S006","2021-12-15 19:00","2021","12","15","19:00","0.0","","-9.2","","50","","0.0","","8","","8","","","","102.50","","","","-3","","NA"
"-73.74","45.47","MONTREAL/PIERRE ELLIOTT TRUDEAU INTL","702S006","2021-12-15 20:00","2021","12","15","20:00","0.3","","-8.1","","54","","0.0","","5","","7","","","","102.40","","","","","","NA"
"-73.74","45.47","MONTREAL/PIERRE ELLIOTT TRUDEAU INTL","702S006","2021-12-15 21:00","2021","12","15","21:00","-0.8","","-7.3","","61","","0.0","","1","","10","","","","102.37","","","","-4","","NA"
"-73.74","45.47","MONTREAL/PIERRE ELLIOTT TRUDEAU INTL","702S006","2021-12-15 22:00","2021","12","15","22:00","-3.0","","-4.1","","92","","1.2","","4","","13","","","","102.24","","","","-8","","NA"
"-73.74","45.47","MONTREAL/PIERRE ELLIOTT TRUDEAU INTL","702S006","2021-12-15 23:00","2021","12","15","23:00","-2.6","","-3.6","","93","","1.5","","1","","11","","","","102.09","","","","-7","","NA"
"-73.74","45.47","MONTREAL/PIERRE ELLIOTT TRUDEAU INTL","702S006","2021-12-16 00:00","2021","12","16","00:00","-0.3","","-1.0","","94","","0.7","","5","","10","","","","101.92","","","","-4","","NA"
"-73.74","45.47","MONTREAL/PIERRE ELLIOTT TRUDEAU INTL","702S006","2021-12-16 01:00","2021","12","16","01:00","0.7","","0.0","","95","","0.8","","5","","6","","","","101.82","","","","","","NA"
"-73.74","45.47","MONTREAL/PIERRE ELLIOTT TRUDEAU INTL","702S006","2021-12-16 02:00","2021","12","16","02:00","2.2","","0.9","","91","","0.7","","13","","12","","","","101.63","","","","","","NA"
"-73.74","45.47","MONTREAL/PIERRE ELLIOTT TRUDEAU INTL","702S006","2021-12-16 03:00","2021","12","16","03:00","2.1","","0.7","","91","","0.0","","13","","6","","","","101.52","","","","","","NA"
"-73.74","45.47","MONTREAL/PIERRE ELLIOTT TRUDEAU INTL","702S006","2021-12-16 04:00","2021","12","16","04:00","2.3","","0.9","","91","","0.0","","13","","4","","","","101.40","","","","","","NA"
"-73.74","45.47","MONTREAL/PIERRE ELLIOTT TRUDEAU INTL","702S006","2021-12-16 05:00","2021","12","16","05:00","0.3","","-0.3","","95","","0.2","","33","","6","","","","101.32","","","","","","NA"
"-73.74","45.47","MONTREAL/PIERRE ELLIOTT TRUDEAU INTL","702S006","2021-12-16 06:00","2021","12","16","06:00","-0.2","","-0.6","","97","","0.7","","1","","9","","","","101.25","","","","-3","","NA"
"-73.74","45.47","MONTREAL/PIERRE ELLIOTT TRUDEAU INTL","702S006","2021-12-16 07:00","2021","12","16","07:00","0.0","","-0.5","","97","","0.3","","1","","11","","","","101.21","","","","-4","","NA"
"-73.74","45.47","MONTREAL/PIERRE ELLIOTT TRUDEAU INTL","702S006","2021-12-16 08:00","2021","12","16","08:00","0.0","","-0.5","","96","","0.0","","2","","13","","","","101.11","","","","-4","","NA"
"-73.74","45.47","MONTREAL/PIERRE ELLIOTT TRUDEAU INTL","702S006","2021-12-16 09:00","2021","12","16","09:00","0.0","","-0.6","","96","","0.0","","1","","15","","","","101.05","","","","-4","","NA"
"-73.74","45.47","MONTREAL/PIERRE ELLIOTT TRUDEAU INTL","702S006","2021-12-16 10:00","2021","12","16","10:00","0.2","","-0.4","","96","","0.0","","1","","13","","","","100.95","","","","","","NA"
"-73.74","45.47","MONTREAL/PIERRE ELLIOTT TRUDEAU INTL","702S006","2021-12-16 11:00","2021","12","16","11:00","0.6","","0.0","","96","","0.0","","3","","7","","","","100.88","","","","","","NA"
"-73.74","45.47","MONTREAL/PIERRE ELLIOTT TRUDEAU INTL","702S006","2021-12-16 12:00","2021","12","16","12:00","0.9","","0.3","","96","","0.0","","1","","8","","","","100.82","","","","","","NA"
"-73.74","45.47","MONTREAL/PIERRE ELLIOTT TRUDEAU INTL","702S006","2021-12-16 13:00","2021","12","16","13:00","1.1","","0.6","","96","","0.2","","2","","10","","","","100.77","","","","","","NA"
"-73.74","45.47","MONTREAL/PIERRE ELLIOTT TRUDEAU INTL","702S006","2021-12-16 14:00","2021","12","16","14:00","5.5","","5.2","","98","","0.2","","14","","9","","","","100.58","","","","","","NA"
"-73.74","45.47","MONTREAL/PIERRE ELLIOTT TRUDEAU INTL","702S006","2021-12-16 15:00","2021","12","16","15:00","6.2","","5.8","","97","","0.2","","11","","4","","","","100.52","","","","","","NA"
"-73.74","45.47","MONTREAL/PIERRE ELLIOTT TRUDEAU INTL","702S006","2021-12-16 16:00","2021","12","16","16:00","7.7","","6.1","","90","","0.0","","15","","20","","","","100.28","","","","","","NA"
"-73.74","45.47","MONTREAL/PIERRE ELLIOTT TRUDEAU INTL","702S006","2021-12-16 17:00","2021","12","16","17:00","8.8","","6.9","","88","","0.0","","14","","17","","","","100.06","","","","","","NA"
"-73.74","45.47","MONTREAL/PIERRE ELLIOTT TRUDEAU INTL","702S006","2021-12-16 18:00","2021","12","16","18:00","10.2","","7.2","","82","","0.0","","15","","20","","","","99.98","","","","","","NA"
"-73.74","45.47","MONTREAL/PIERRE ELLIOTT TRUDEAU INTL","702S006","2021-12-16 19:00","2021","12","16","19:00","11.1","","7.6","","79","","0.0","","16","","11","","","","99.92","","","","","","NA"
"-73.74","45.47","MONTREAL/PIERRE ELLIOTT TRUDEAU INTL","702S006","2021-12-16 20:00","2021","12","16","20:00","10.7","","7.5","","81","","0.0","","16","","21","","","","99.84","","","","","","NA"
"-73.74","45.47","MONTREAL/PIERRE ELLIOTT TRUDEAU INTL","702S006","2021-12-16 21:00","2021","12","16","21:00","13.0","","7.8","","71","","0.0","","18","","19","","","","99.79","","","","","","NA"
"-73.74","45.47","MONTREAL/PIERRE ELLIOTT TRUDEAU INTL","702S006","2021-12-16 22:00","2021","12","16","22:00","14.9","","8.3","","64","","0.0","","19","","24","","","","99.75","","","","","","NA"
"-73.74","45.47","MONTREAL/PIERRE ELLIOTT TRUDEAU INTL","702S006","2021-12-16 23:00","2021","12","16","23:00","10.8","","8.3","","84","","0.0","","16","","17","","","","99.67","","","","","","NA"
"-73.74","45.47","MONTREAL/PIERRE ELLIOTT TRUDEAU INTL","702S006","2021-12-17 00:00","2021","12","17","00:00","12.2","","8.8","","80","","0.0","","18","","16","","","","99.60","","","","","","NA"
"-73.74","45.47","MONTREAL/PIERRE ELLIOTT TRUDEAU INTL","702S006","2021-12-17 01:00","2021","12","17","01:00","14.2","","9.5","","73","","0.0","","20","","22","","","","99.51","","","","","","NA"
"-73.74","45.47","MONTREAL/PIERRE ELLIOTT TRUDEAU INTL","702S006","2021-12-17 02:00","2021","12","17","02:00","15.0","","9.2","","68","","0.0","","21","","22","","","","99.41","","","","","","NA"
"-73.74","45.47","MONTREAL/PIERRE ELLIOTT TRUDEAU INTL","702S006","2021-12-17 03:00","2021","12","17","03:00","15.3","","8.0","","62","","0.0","","24","","28","","","","99.34","","","","","","NA"
"-73.74","45.47","MONTREAL/PIERRE ELLIOTT TRUDEAU INTL","702S006","2021-12-17 04:00","2021","12","17","04:00","14.1","","4.8","","53","","0.0","","24","","34","","","","99.37","","","","","","NA"
"-73.74","45.47","MONTREAL/PIERRE ELLIOTT TRUDEAU INTL","702S006","2021-12-17 05:00","2021","12","17","05:00","13.1","","5.5","","60","","0.0","","24","","33","","","","99.45","","","","","","NA"
"-73.74","45.47","MONTREAL/PIERRE ELLIOTT TRUDEAU INTL","702S006","2021-12-17 06:00","2021","12","17","06:00","11.3","","3.4","","58","","0.0","","23","","40","","","","99.59","","","","","","NA"
"-73.74","45.47","MONTREAL/PIERRE ELLIOTT TRUDEAU INTL","702S006","2021-12-17 07:00","2021","12","17","07:00","9.6","","0.7","","54","","0.0","","27","","37","","","","99.79","","","","","","NA"
"-73.74","45.47","MONTREAL/PIERRE ELLIOTT TRUDEAU INTL","702S006","2021-12-17 08:00","2021","12","17","08:00","7.3","","0.0","","60","","0.0","","27","","30","","","","99.98","","","","","","NA"
"-73.74","45.47","MONTREAL/PIERRE ELLIOTT TRUDEAU INTL","702S006","2021-12-17 09:00","2021","12","17","09:00","7.2","","-1.0","","56","","0.0","","26","","43","","","","100.07","","","","","","NA"
"-73.74","45.47","MONTREAL/PIERRE ELLIOTT TRUDEAU INTL","702S006","2021-12-17 10:00","2021","12","17","10:00","6.6","","-1.2","","57","","0.0","","25","","37","","","","100.22","","","","","","NA"
"-73.74","45.47","MONTREAL/PIERRE ELLIOTT TRUDEAU INTL","702S006","2021-12-17 11:00","2021","12","17","11:00","6.2","","-1.2","","59","","0.0","","25","","36","","","","100.42","","","","","","NA"
"-73.74","45.47","MONTREAL/PIERRE ELLIOTT TRUDEAU INTL","702S006","2021-12-17 12:00","2021","12","17","12:00","5.8","","-1.3","","60","","0.0","","25","","37","","","","100.52","","","","","","NA"
"-73.74","45.47","MONTREAL/PIERRE ELLIOTT TRUDEAU INTL","702S006","2021-12-17 13:00","2021","12","17","13:00","5.9","","-1.9","","57","","0.0","","25","","32","","","","100.63","","","","","","NA"
"-73.74","45.47","MONTREAL/PIERRE ELLIOTT TRUDEAU INTL","702S006","2021-12-17 14:00","2021","12","17","14:00","5.8","","-2.2","","57","","0.0","","25","","31","","","","100.75","","","","","","NA"
"-73.74","45.47","MONTREAL/PIERRE ELLIOTT TRUDEAU INTL","702S006","2021-12-17 15:00","2021","12","17","15:00","5.8","","-2.8","","54","","0.0","","25","","27","","","","100.84","","","","","","NA"
"-73.74","45.47","MONTREAL/PIERRE ELLIOTT TRUDEAU INTL","702S006","2021-12-17 16:00","2021","12","17","16:00","5.9","","-2.8","","54","","0.0","","26","","26","","","","100.85","","","","","","NA"
"-73.74","45.47","MONTREAL/PIERRE ELLIOTT TRUDEAU INTL","702S006","2021-12-17 17:00","2021","12","17","17:00","5.5","","-2.2","","57","","0.0","","25","","28","","","","100.89","","","","","","NA"
"-73.74","45.47","MONTREAL/PIERRE ELLIOTT TRUDEAU INTL","702S006","2021-12-17 18:00","2021","12","17","18:00","5.5","","-3.1","","54","","0.0","","26","","31","","","","100.97","","","","","","NA"
"-73.74","45.47","MONTREAL/PIERRE ELLIOTT TRUDEAU INTL","702S006","2021-12-17 19:00","2021","12","17","19:00","5.6","","-3.8","","51","","0.0","","27","","32","","","","101.02","","","","","","NA"
"-73.74","45.47","MONTREAL/PIERRE ELLIOTT TRUDEAU INTL","702S006","2021-12-17 20:00","2021","12","17","20:00","4.5","","-4.4","","52","","0.0","","27","","30","","","","101.11","","","","","","NA"
"-73.74","45.47","MONTREAL/PIERRE ELLIOTT TRUDEAU INTL","702S006","2021-12-17 21:00","2021","12","17","21:00","3.4","","-5.4","","52","","0.0","","29","","36","","","","101.25","","","","","","NA"
"-73.74","45.47","MONTREAL/PIERRE ELLIOTT TRUDEAU INTL","702S006","2021-12-17 22:00","2021","12","17","22:00","2.2","","-6.5","","53","","0.0","","30","","36","","","","101.42","","","","","","NA"
"-73.74","45.47","MONTREAL/PIERRE ELLIOTT TRUDEAU INTL","702S006","2021-12-17 23:00","2021","12","17","23:00","1.9","","-6.5","","54","","0.0","","29","","22","","","","101.56","","","","","","NA"
"-73.74","45.47","MONTREAL/PIERRE ELLIOTT TRUDEAU INTL","702S006","2021-12-18 00:00","2021","12","18","00:00","2.0","","-6.1","","55","","0.0","","27","","20","","","","101.68","","","","","","NA"
"-73.74","45.47","MONTREAL/PIERRE ELLIOTT TRUDEAU INTL","702S006","2021-12-18 01:00","2021","12","18","01:00","2.1","","-6.4","","54","","0.0","","26","","17","","","","101.75","","","","","","NA"
"-73.74","45.47","MONTREAL/PIERRE ELLIOTT TRUDEAU INTL","702S006","2021-12-18 02:00","2021","12","18","02:00","2.1","","-6.6","","53","","0.0","","26","","15","","","","101.82","","","","","","NA"
"-73.74","45.47","MONTREAL/PIERRE ELLIOTT TRUDEAU INTL","702S006","2021-12-18 03:00","2021","12","18","03:00","1.6","","-6.3","","56","","0.0","","28","","15","","","","101.87","","","","","","NA"
"-73.74","45.47","MONTREAL/PIERRE ELLIOTT TRUDEAU INTL","702S006","2021-12-18 04:00","2021","12","18","04:00","0.6","","-6.6","","59","","0.0","","32","","16","","","","101.96","","","","","","NA"
"-73.74","45.47","MONTREAL/PIERRE ELLIOTT TRUDEAU INTL","702S006","2021-12-18 05:00","2021","12","18","05:00","-1.1","","-8.7","","56","","0.0","","34","","12","","","","101.98","","","","-5","","NA"
"-73.74","45.47","MONTREAL/PIERRE ELLIOTT TRUDEAU INTL","702S006","2021-12-18 06:00","2021","12","18","06:00","-1.9","","-8.7","","60","","0.0","","29","","7","","","","102.02","","","","-5","","NA"
"-73.74","45.47","MONTREAL/PIERRE ELLIOTT TRUDEAU INTL","702S006","2021-12-18 07:00","2021","12","18","07:00","-2.9","","-8.3","","66","","0.0","","32","","11","","","","102.09","","","","-7","","NA"
"-73.74","45.47","MONTREAL/PIERRE ELLIOTT TRUDEAU INTL","702S006","2021-12-18 08:00","2021","12","18","08:00","-2.1","","-10.0","","55","","0.0","","36","","14","","","","102.13","","","","-7","","NA"
"-73.74","45.47","MONTREAL/PIERRE ELLIOTT TRUDEAU INTL","702S006","2021-12-18 09:00","2021","12","18","09:00","-3.5","","-10.1","","60","","0.0","","2","","21","","","","102.11","","","","-10","","NA"
"-73.74","45.47","MONTREAL/PIERRE ELLIOTT TRUDEAU INTL","702S006","2021-12-18 10:00","2021","12","18","10:00","-3.6","","-10.2","","60","","0.0","","1","","14","","","","102.16","","","","-9","","NA"
"-73.74","45.47","MONTREAL/PIERRE ELLIOTT TRUDEAU INTL","702S006","2021-12-18 11:00","2021","12","18","11:00","-3.8","","-11.0","","57","","0.0","","4","","16","","","","102.16","","","","-9","","NA"
"-73.74","45.47","MONTREAL/PIERRE ELLIOTT TRUDEAU INTL","702S006","2021-12-18 12:00","2021","12","18","12:00","-4.2","","-11.3","","58","","0.0","","3","","19","","","","102.17","","","","-10","","NA"
"-73.74","45.47","MONTREAL/PIERRE ELLIOTT TRUDEAU INTL","702S006","2021-12-18 13:00","2021","12","18","13:00","-4.3","","-11.3","","58","","0.0","","4","","14","","","","102.18","","","","-9","","NA"
"-73.74","45.47","MONTREAL/PIERRE ELLIOTT TRUDEAU INTL","702S006","2021-12-18 14:00","2021","12","18","14:00","-4.3","","-12.4","","53","","0.0","","4","","15","","","","102.10","","","","-10","","NA"
"-73.74","45.47","MONTREAL/PIERRE ELLIOTT TRUDEAU INTL","702S006","2021-12-18 15:00","2021","12","18","15:00","-4.1","","-11.8","","55","","0.0","","4","","18","","","","102.06","","","","-10","","NA"
"-73.74","45.47","MONTREAL/PIERRE ELLIOTT TRUDEAU INTL","702S006","2021-12-18 16:00","2021","12","18","16:00","-3.7","","-11.3","","55","","0.0","","5","","12","","","","101.97","","","","-8","","NA"
"-73.74","45.47","MONTREAL/PIERRE ELLIOTT TRUDEAU INTL","702S006","2021-12-18 17:00","2021","12","18","17:00","-3.6","","-11.6","","54","","0.0","","4","","12","","","","101.88","","","","-8","","NA"
"-73.74","45.47","MONTREAL/PIERRE ELLIOTT TRUDEAU INTL","702S006","2021-12-18 18:00","2021","12","18","18:00","-3.5","","-11.5","","54","","0.0","","8","","9","","","","101.79","","","","-7","","NA"
"-73.74","45.47","MONTREAL/PIERRE ELLIOTT TRUDEAU INTL","702S006","2021-12-18 19:00","2021","12","18","19:00","-3.6","","-11.6","","54","","0.0","","4","","17","","","","101.66","","","","-9","","NA"
"-73.74","45.47","MONTREAL/PIERRE ELLIOTT TRUDEAU INTL","702S006","2021-12-18 20:00","2021","12","18","20:00","-4.6","","-9.3","","70","","0.0","","4","","20","","","","101.58","","","","-11","","NA"
"-73.74","45.47","MONTREAL/PIERRE ELLIOTT TRUDEAU INTL","702S006","2021-12-18 21:00","2021","12","18","21:00","-5.8","","-8.1","","84","","0.0","","4","","18","","","","101.51","","","","-12","","NA"
"-73.74","45.47","MONTREAL/PIERRE ELLIOTT TRUDEAU INTL","702S006","2021-12-18 22:00","2021","12","18","22:00","-5.9","","-7.7","","87","","0.8","","4","","18","","","","101.43","","","","-12","","NA"
"-73.74","45.47","MONTREAL/PIERRE ELLIOTT TRUDEAU INTL","702S006","2021-12-18 23:00","2021","12","18","23:00","-6.1","","-7.8","","88","","1.1","","4","","20","","","","101.35","","","","-13","","NA"
"-73.74","45.47","MONTREAL/PIERRE ELLIOTT TRUDEAU INTL","702S006","2021-12-19 00:00","2021","12","19","00:00","-6.0","","-7.8","","87","","0.6","","4","","22","","","","101.27","","","","-13","","NA"
"-73.74","45.47","MONTREAL/PIERRE ELLIOTT TRUDEAU INTL","702S006","2021-12-19 01:00","2021","12","19","01:00","-6.1","","-8.0","","86","","1.0","","4","","19","","","","101.20","","","","-13","","NA"
"-73.74","45.47","MONTREAL/PIERRE ELLIOTT TRUDEAU INTL","702S006","2021-12-19 02:00","2021","12","19","02:00","-6.2","","-7.9","","88","","0.6","","4","","19","","","","101.09","","","","-13","","NA"
"-73.74","45.47","MONTREAL/PIERRE ELLIOTT TRUDEAU INTL","702S006","2021-12-19 03:00","2021","12","19","03:00","-6.1","","-8.0","","87","","0.5","","4","","23","","","","100.97","","","","-13","","NA"
"-73.74","45.47","MONTREAL/PIERRE ELLIOTT TRUDEAU INTL","702S006","2021-12-19 04:00","2021","12","19","04:00","-6.4","","-8.2","","87","","0.3","","2","","27","","","","100.98","","","","-14","","NA"
"-73.74","45.47","MONTREAL/PIERRE ELLIOTT TRUDEAU INTL","702S006","2021-12-19 05:00","2021","12","19","05:00","-6.1","","-8.1","","86","","0.0","","2","","27","","","","100.94","","","","-14","","NA"
"-73.74","45.47","MONTREAL/PIERRE ELLIOTT TRUDEAU INTL","702S006","2021-12-19 06:00","2021","12","19","06:00","-5.9","","-7.7","","87","","0.2","","2","","23","","","","100.93","","","","-13","","NA"
"-73.74","45.47","MONTREAL/PIERRE ELLIOTT TRUDEAU INTL","702S006","2021-12-19 07:00","2021","12","19","07:00","-5.8","","-7.6","","88","","0.0","","36","","15","","","","101.01","","","","-12","","NA"
"-73.74","45.47","MONTREAL/PIERRE ELLIOTT TRUDEAU INTL","702S006","2021-12-19 08:00","2021","12","19","08:00","-5.9","","-7.7","","87","","0.2","","34","","17","","","","101.13","","","","-12","","NA"
"-73.74","45.47","MONTREAL/PIERRE ELLIOTT TRUDEAU INTL","702S006","2021-12-19 09:00","2021","12","19","09:00","-6.0","","-7.8","","87","","0.0","","33","","16","","","","101.18","","","","-12","","NA"
"-73.74","45.47","MONTREAL/PIERRE ELLIOTT TRUDEAU INTL","702S006","2021-12-19 10:00","2021","12","19","10:00","-7.1","","-8.9","","87","","0.0","","31","","15","","","","101.32","","","","-13","","NA"
"-73.74","45.47","MONTREAL/PIERRE ELLIOTT TRUDEAU INTL","702S006","2021-12-19 11:00","2021","12","19","11:00","-5.8","","-8.8","","79","","0.0","","30","","15","","","","101.46","","","","-12","","NA"
"-73.74","45.47","MONTREAL/PIERRE ELLIOTT TRUDEAU INTL","702S006","2021-12-19 12:00","2021","12","19","12:00","-5.8","","-9.3","","76","","0.0","","31","","13","","","","101.55","","","","-11","","NA"
"-73.74","45.47","MONTREAL/PIERRE ELLIOTT TRUDEAU INTL","702S006","2021-12-19 13:00","2021","12","19","13:00","-5.8","","-9.4","","76","","0.0","","31","","12","","","","101.62","","","","-11","","NA"
"-73.74","45.47","MONTREAL/PIERRE ELLIOTT TRUDEAU INTL","702S006","2021-12-19 14:00","2021","12","19","14:00","-5.9","","-9.4","","76","","0.0","","31","","13","","","","101.71","","","","-11","","NA"
"-73.74","45.47","MONTREAL/PIERRE ELLIOTT TRUDEAU INTL","702S006","2021-12-19 15:00","2021","12","19","15:00","-6.5","","-10.2","","75","","0.0","","31","","17","","","","101.82","","","","-13","","NA"
"-73.74","45.47","MONTREAL/PIERRE ELLIOTT TRUDEAU INTL","702S006","2021-12-19 16:00","2021","12","19","16:00","-6.2","","-10.9","","69","","0.0","","30","","14","","","","101.82","","","","-12","","NA"
"-73.74","45.47","MONTREAL/PIERRE ELLIOTT TRUDEAU INTL","702S006","2021-12-19 17:00","2021","12","19","17:00","-5.5","","-11.3","","64","","0.0","","31","","15","","","","101.84","","","","-11","","NA"
"-73.74","45.47","MONTREAL/PIERRE ELLIOTT TRUDEAU INTL","702S006","2021-12-19 18:00","2021","12","19","18:00","-4.8","","-10.5","","64","","0.0","","29","","14","","","","101.85","","","","-10","","NA"
"-73.74","45.47","MONTREAL/PIERRE ELLIOTT TRUDEAU INTL","702S006","2021-12-19 19:00","2021","12","19","19:00","-5.1","","-11.2","","62","","0.0","","28","","17","","","","101.91","","","","-11","","NA"
"-73.74","45.47","MONTREAL/PIERRE ELLIOTT TRUDEAU INTL","702S006","2021-12-19 20:00","2021","12","19","20:00","-5.6","","-11.0","","66","","0.0","","28","","20","","","","102.00","","","","-12","","NA"
"-73.74","45.47","MONTREAL/PIERRE ELLIOTT TRUDEAU INTL","702S006","2021-12-19 21:00","2021","12","19","21:00","-6.5","","-11.9","","65","","0.0","","29","","16","","","","102.07","","","","-13","","NA"
"-73.74","45.47","MONTREAL/PIERRE ELLIOTT TRUDEAU INTL","702S006","2021-12-19 22:00","2021","12","19","22:00","-8.2","","-13.1","","68","","0.0","","29","","14","","","","102.16","","","","-14","","NA"
"-73.74","45.47","MONTREAL/PIERRE ELLIOTT TRUDEAU INTL","702S006","2021-12-19 23:00","2021","12","19","23:00","-8.9","","-14.1","","66","","0.0","","30","","15","","","","102.25","","","","-15","","NA"
"-73.74","45.47","MONTREAL/PIERRE ELLIOTT TRUDEAU INTL","702S006","2021-12-20 00:00","2021","12","20","00:00","-9.5","","-14.1","","69","","0.0","","29","","12","","","","102.32","","","","-15","","NA"
"-73.74","45.47","MONTREAL/PIERRE ELLIOTT TRUDEAU INTL","702S006","2021-12-20 01:00","2021","12","20","01:00","-10.5","","-15.0","","70","","0.0","","30","","11","","","","102.35","","","","-16","","NA"
"-73.74","45.47","MONTREAL/PIERRE ELLIOTT TRUDEAU INTL","702S006","2021-12-20 02:00","2021","12","20","02:00","-12.7","","-16.1","","76","","0.0","","31","","10","","","","102.36","","","","-18","","NA"
"-73.74","45.47","MONTREAL/PIERRE ELLIOTT TRUDEAU INTL","702S006","2021-12-20 03:00","2021","12","20","03:00","-13.4","","-16.1","","80","","0.0","","31","","9","","","","102.41","","","","-19","","NA"
"-73.74","45.47","MONTREAL/PIERRE ELLIOTT TRUDEAU INTL","702S006","2021-12-20 04:00","2021","12","20","04:00","-12.7","","-15.1","","83","","0.0","","31","","4","","","","102.38","","","","-15","","NA"
"-73.74","45.47","MONTREAL/PIERRE ELLIOTT TRUDEAU INTL","702S006","2021-12-20 05:00","2021","12","20","05:00","-13.7","","-15.3","","87","","0.0","","33","","3","","","","102.35","","","","-16","","NA"
"-73.74","45.47","MONTREAL/PIERRE ELLIOTT TRUDEAU INTL","702S006","2021-12-20 06:00","2021","12","20","06:00","-13.1","","-15.1","","85","","0.0","","36","","4","","","","102.33","","","","-16","","NA"
"-73.74","45.47","MONTREAL/PIERRE ELLIOTT TRUDEAU INTL","702S006","2021-12-20 07:00","2021","12","20","07:00","-14.2","","-15.7","","88","","0.0","","32","","3","","","","102.37","","","","-16","","NA"
"-73.74","45.47","MONTREAL/PIERRE ELLIOTT TRUDEAU INTL","702S006","2021-12-20 08:00","2021","12","20","08:00","-15.4","","-17.2","","86","","0.0","","35","","5","","","","102.42","","","","-19","","NA"
"-73.74","45.47","MONTREAL/PIERRE ELLIOTT TRUDEAU INTL","702S006","2021-12-20 09:00","2021","12","20","09:00","-14.0","","-15.8","","86","","0.0","","35","","4","","","","102.35","","","","-17","","NA"
"-73.74","45.47","MONTREAL/PIERRE ELLIOTT TRUDEAU INTL","702S006","2021-12-20 10:00","2021","12","20","10:00","-15.0","","-16.9","","86","","0.0","","33","","4","","","","102.33","","","","-18","","NA"
"-73.74","45.47","MONTREAL/PIERRE ELLIOTT TRUDEAU INTL","702S006","2021-12-20 11:00","2021","12","20","11:00","-14.5","","-16.3","","86","","0.0","","35","","3","","","","102.34","","","","-17","","NA"
"-73.74","45.47","MONTREAL/PIERRE ELLIOTT TRUDEAU INTL","702S006","2021-12-20 12:00","2021","12","20","12:00","-12.3","","-13.9","","88","","0.0","","0","","1","","","","102.30","","","","-13","","NA"
"-73.74","45.47","MONTREAL/PIERRE ELLIOTT TRUDEAU INTL","702S006","2021-12-20 13:00","2021","12","20","13:00","-11.4","","-13.0","","88","","0.0","","34","","2","","","","102.29","","","","-13","","NA"
"-73.74","45.47","MONTREAL/PIERRE ELLIOTT TRUDEAU INTL","702S006","2021-12-20 14:00","2021","12","20","14:00","-10.1","","-11.8","","88","","0.2","","16","","10","","","","102.23","","","","-15","","NA"
"-73.74","45.47","MONTREAL/PIERRE ELLIOTT TRUDEAU INTL","702S006","2021-12-20 15:00","2021","12","20","15:00","-9.0","","-13.3","","71","","0.0","","16","","11","","","","102.20","","","","-14","","NA"
"-73.74","45.47","MONTREAL/PIERRE ELLIOTT TRUDEAU INTL","702S006","2021-12-20 16:00","2021","12","20","16:00","-8.5","","-12.9","","71","","0.0","","12","","8","","","","102.07","","","","-13","","NA"
"-73.74","45.47","MONTREAL/PIERRE ELLIOTT TRUDEAU INTL","702S006","2021-12-20 17:00","2021","12","20","17:00","-7.4","","-13.2","","63","","0.0","","14","","11","","","","101.90","","","","-12","","NA"
"-73.74","45.47","MONTREAL/PIERRE ELLIOTT TRUDEAU INTL","702S006","2021-12-20 18:00","2021","12","20","18:00","-6.1","","-12.3","","61","","0.0","","14","","14","","","","101.70","","","","-12","","NA"
"-73.74","45.47","MONTREAL/PIERRE ELLIOTT TRUDEAU INTL","702S006","2021-12-20 19:00","2021","12","20","19:00","-4.5","","-9.9","","66","","0.0","","13","","21","","","","101.55","","","","-11","","NA"
"-73.74","45.47","MONTREAL/PIERRE ELLIOTT TRUDEAU INTL","702S006","2021-12-20 20:00","2021","12","20","20:00","-3.7","","-8.5","","69","","0.0","","15","","21","","","","101.52","","","","-10","","NA"
"-73.74","45.47","MONTREAL/PIERRE ELLIOTT TRUDEAU INTL","702S006","2021-12-20 21:00","2021","12","20","21:00","-3.5","","-8.3","","69","","0.0","","15","","23","","","","101.41","","","","-10","","NA"
"-73.74","45.47","MONTREAL/PIERRE ELLIOTT TRUDEAU INTL","702S006","2021-12-20 22:00","2021","12","20","22:00","-3.3","","-7.4","","73","","0.0","","15","","23","","","","101.30","","","","-10","","NA"
"-73.74","45.47","MONTREAL/PIERRE ELLIOTT TRUDEAU INTL","702S006","2021-12-20 23:00","2021","12","20","23:00","-3.1","","-7.8","","70","","0.0","","16","","22","","","","101.21","","","","-9","","NA"
"-73.74","45.47","MONTREAL/PIERRE ELLIOTT TRUDEAU INTL","702S006","2021-12-21 00:00","2021","12","21","00:00","-2.9","","-7.1","","73","","0.0","","16","","23","","","","101.11","","","","-9","","NA"
"-73.74","45.47","MONTREAL/PIERRE ELLIOTT TRUDEAU INTL","702S006","2021-12-21 01:00","2021","12","21","01:00","-2.4","","-6.2","","75","","0.0","","16","","20","","","","101.06","","","","-8","","NA"
"-73.74","45.47","MONTREAL/PIERRE ELLIOTT TRUDEAU INTL","702S006","2021-12-21 02:00","2021","12","21","02:00","-1.3","","-5.6","","72","","0.0","","18","","22","","","","100.94","","","","-7","","NA"
"-73.74","45.47","MONTREAL/PIERRE ELLIOTT TRUDEAU INTL","702S006","2021-12-21 03:00","2021","12","21","03:00","-0.9","","-5.4","","71","","0.0","","18","","21","","","","100.86","","","","-7","","NA"
"-73.74","45.47","MONTREAL/PIERRE ELLIOTT TRUDEAU INTL","702S006","2021-12-21 04:00","2021","12","21","04:00","0.0","","-5.7","","65","","0.0","","19","","21","","","","100.79","","","","-5","","NA"
"-73.74","45.47","MONTREAL/PIERRE ELLIOTT TRUDEAU INTL","702S006","2021-12-21 05:00","2021","12","21","05:00","0.3","","-4.7","","69","","0.0","","19","","18","","","","100.72","","","","","","NA"
"-73.74","45.47","MONTREAL/PIERRE ELLIOTT TRUDEAU INTL","702S006","2021-12-21 06:00","2021","12","21","06:00","2.1","","-2.8","","70","","0.0","","23","","17","","","","100.68","","","","","","NA"
"-73.74","45.47","MONTREAL/PIERRE ELLIOTT TRUDEAU INTL","702S006","2021-12-21 07:00","2021","12","21","07:00","2.2","","-2.4","","72","","0.0","","24","","20","","","","100.67","","","","","","NA"
"-73.74","45.47","MONTREAL/PIERRE ELLIOTT TRUDEAU INTL","702S006","2021-12-21 08:00","2021","12","21","08:00","1.6","","-1.2","","82","","0.0","","24","","21","","","","100.68","","","","","","NA"
"-73.74","45.47","MONTREAL/PIERRE ELLIOTT TRUDEAU INTL","702S006","2021-12-21 09:00","2021","12","21","09:00","1.9","","-1.0","","82","","0.0","","25","","23","","","","100.68","","","","","","NA"
"-73.74","45.47","MONTREAL/PIERRE ELLIOTT TRUDEAU INTL","702S006","2021-12-21 10:00","2021","12","21","10:00","0.3","","-0.9","","92","","0.8","","27","","29","","","","100.77","","","","","","NA"
"-73.74","45.47","MONTREAL/PIERRE ELLIOTT TRUDEAU INTL","702S006","2021-12-21 11:00","2021","12","21","11:00","0.5","","-3.2","","76","","0.0","","27","","27","","","","100.87","","","","","","NA"
"-73.74","45.47","MONTREAL/PIERRE ELLIOTT TRUDEAU INTL","702S006","2021-12-21 12:00","2021","12","21","12:00","0.2","","-4.7","","70","","0.0","","27","","26","","","","101.04","","","","","","NA"
"-73.74","45.47","MONTREAL/PIERRE ELLIOTT TRUDEAU INTL","702S006","2021-12-21 13:00","2021","12","21","13:00","-0.4","","-4.7","","73","","0.0","","28","","18","","","","101.21","","","","-5","","NA"
"-73.74","45.47","MONTREAL/PIERRE ELLIOTT TRUDEAU INTL","702S006","2021-12-21 14:00","2021","12","21","14:00","-1.9","","-7.2","","67","","0.2","","32","","21","","","","101.32","","","","-8","","NA"
"-73.74","45.47","MONTREAL/PIERRE ELLIOTT TRUDEAU INTL","702S006","2021-12-21 15:00","2021","12","21","15:00","-3.1","","-9.7","","61","","0.0","","32","","23","","","","101.46","","","","-10","","NA"
"-73.74","45.47","MONTREAL/PIERRE ELLIOTT TRUDEAU INTL","702S006","2021-12-21 16:00","2021","12","21","16:00","-3.4","","-10.5","","58","","0.0","","32","","18","","","","101.53","","","","-9","","NA"
"-73.74","45.47","MONTREAL/PIERRE ELLIOTT TRUDEAU INTL","702S006","2021-12-21 17:00","2021","12","21","17:00","-3.5","","-12.0","","52","","0.0","","31","","18","","","","101.44","","","","-9","","NA"
"-73.74","45.47","MONTREAL/PIERRE ELLIOTT TRUDEAU INTL","702S006","2021-12-21 18:00","2021","12","21","18:00","-3.0","","-12.5","","48","","0.0","","30","","12","","","","101.39","","","","-7","","NA"
"-73.74","45.47","MONTREAL/PIERRE ELLIOTT TRUDEAU INTL","702S006","2021-12-21 19:00","2021","12","21","19:00","-2.2","","-13.1","","43","","0.0","","31","","2","","","","101.38","","","","-3","","NA"
"-73.74","45.47","MONTREAL/PIERRE ELLIOTT TRUDEAU INTL","702S006","2021-12-21 20:00","2021","12","21","20:00","-3.5","","-13.2","","47","","0.0","","30","","3","","","","101.30","","","","-5","","NA"
"-73.74","45.47","MONTREAL/PIERRE ELLIOTT TRUDEAU INTL","702S006","2021-12-21 21:00","2021","12","21","21:00","-3.1","","-12.6","","48","","0.0","","22","","2","","","","101.36","","","","-4","","NA"
"-73.74","45.47","MONTREAL/PIERRE ELLIOTT TRUDEAU INTL","702S006","2021-12-21 22:00","2021","12","21","22:00","-3.7","","-12.4","","51","","0.0","","3","","10","","","","101.21","","","","-8","","NA"
"-73.74","45.47","MONTREAL/PIERRE ELLIOTT TRUDEAU INTL","702S006","2021-12-21 23:00","2021","12","21","23:00","-3.5","","-11.7","","53","","0.0","","8","","8","","","","101.19","","","","-7","","NA"
"-73.74","45.47","MONTREAL/PIERRE ELLIOTT TRUDEAU INTL","702S006","2021-12-22 00:00","2021","12","22","00:00","-4.2","","-11.7","","56","","0.0","","5","","10","","","","101.08","","","","-8","","NA"
"-73.74","45.47","MONTREAL/PIERRE ELLIOTT TRUDEAU INTL","702S006","2021-12-22 01:00","2021","12","22","01:00","-4.7","","-12.3","","55","","0.0","","5","","14","","","","101.03","","","","-10","","NA"
"-73.74","45.47","MONTREAL/PIERRE ELLIOTT TRUDEAU INTL","702S006","2021-12-22 02:00","2021","12","22","02:00","-5.1","","-11.9","","59","","0.0","","5","","18","","","","100.85","","","","-11","","NA"
"-73.74","45.47","MONTREAL/PIERRE ELLIOTT TRUDEAU INTL","702S006","2021-12-22 03:00","2021","12","22","03:00","-5.3","","-11.5","","62","","0.0","","4","","21","","","","100.66","","","","-12","","NA"
"-73.74","45.47","MONTREAL/PIERRE ELLIOTT TRUDEAU INTL","702S006","2021-12-22 04:00","2021","12","22","04:00","-5.7","","-11.4","","64","","0.0","","4","","20","","","","100.55","","","","-12","","NA"
"-73.74","45.47","MONTREAL/PIERRE ELLIOTT TRUDEAU INTL","702S006","2021-12-22 05:00","2021","12","22","05:00","-6.1","","-11.1","","67","","0.0","","4","","22","","","","100.34","","","","-13","","NA"
"-73.74","45.47","MONTREAL/PIERRE ELLIOTT TRUDEAU INTL","702S006","2021-12-22 06:00","2021","12","22","06:00","-6.1","","-10.8","","69","","0.0","","4","","20","","","","100.19","","","","-13","","NA"
"-73.74","45.47","MONTREAL/PIERRE ELLIOTT TRUDEAU INTL","702S006","2021-12-22 07:00","2021","12","22","07:00","-6.2","","-10.7","","70","","0.0","","4","","18","","","","100.00","","","","-13","","NA"
"-73.74","45.47","MONTREAL/PIERRE ELLIOTT TRUDEAU INTL","702S006","2021-12-22 08:00","2021","12","22","08:00","-5.9","","-9.9","","73","","0.0","","2","","15","","","","99.92","","","","-12","","NA"
"-73.74","45.47","MONTREAL/PIERRE ELLIOTT TRUDEAU INTL","702S006","2021-12-22 09:00","2021","12","22","09:00","-5.9","","-9.5","","76","","0.0","","2","","17","","","","99.77","","","","-12","","NA"
"-73.74","45.47","MONTREAL/PIERRE ELLIOTT TRUDEAU INTL","702S006","2021-12-22 10:00","2021","12","22","10:00","-6.3","","-9.5","","78","","0.0","","2","","14","","","","99.71","","","","-12","","NA"
"-73.74","45.47","MONTREAL/PIERRE ELLIOTT TRUDEAU INTL","702S006","2021-12-22 11:00","2021","12","22","11:00","-6.1","","-9.2","","78","","0.0","","3","","16","","","","99.67","","","","-12","","NA"
"-73.74","45.47","MONTREAL/PIERRE ELLIOTT TRUDEAU INTL","702S006","2021-12-22 12:00","2021","12","22","12:00","-5.2","","-8.2","","79","","0.0","","1","","7","","","","99.61","","","","-8","","NA"
"-73.74","45.47","MONTREAL/PIERRE ELLIOTT TRUDEAU INTL","702S006","2021-12-22 13:00","2021","12","22","13:00","-5.3","","-8.2","","80","","0.0","","36","","11","","","","99.60","","","","-10","","NA"
"-73.74","45.47","MONTREAL/PIERRE ELLIOTT TRUDEAU INTL","702S006","2021-12-22 14:00","2021","12","22","14:00","-4.9","","-7.5","","82","","0.0","","3","","10","","","","99.57","","","","-9","","NA"
"-73.74","45.47","MONTREAL/PIERRE ELLIOTT TRUDEAU INTL","702S006","2021-12-22 15:00","2021","12","22","15:00","-4.1","","-6.8","","82","","0.2","","1","","7","","","","99.55","","","","-7","","NA"
"-73.74","45.47","MONTREAL/PIERRE ELLIOTT TRUDEAU INTL","702S006","2021-12-22 16:00","2021","12","22","16:00","-2.6","","-5.5","","81","","0.0","","35","","5","","","","99.52","","","","-5","","NA"
"-73.74","45.47","MONTREAL/PIERRE ELLIOTT TRUDEAU INTL","702S006","2021-12-22 17:00","2021","12","22","17:00","-1.7","","-4.8","","79","","0.0","","","","0","","","","99.52","","","","","","NA"
"-73.74","45.47","MONTREAL/PIERRE ELLIOTT TRUDEAU INTL","702S006","2021-12-22 18:00","2021","12","22","18:00","-0.7","","-3.7","","80","","0.0","","28","","15","","","","99.55","","","","-5","","NA"
"-73.74","45.47","MONTREAL/PIERRE ELLIOTT TRUDEAU INTL","702S006","2021-12-22 19:00","2021","12","22","19:00","-1.1","","-3.8","","82","","0.0","","28","","20","","","","99.61","","","","-7","","NA"
"-73.74","45.47","MONTREAL/PIERRE ELLIOTT TRUDEAU INTL","702S006","2021-12-22 20:00","2021","12","22","20:00","-0.2","","-3.8","","77","","0.0","","26","","13","","","","99.65","","","","-4","","NA"
"-73.74","45.47","MONTREAL/PIERRE ELLIOTT TRUDEAU INTL","702S006","2021-12-22 21:00","2021","12","22","21:00","-0.8","","-3.9","","80","","0.0","","26","","16","","","","99.74","","","","-6","","NA"
"-73.74","45.47","MONTREAL/PIERRE ELLIOTT TRUDEAU INTL","702S006","2021-12-22 22:00","2021","12","22","22:00","-0.2","","-5.2","","69","","0.0","","25","","23","","","","99.78","","","","-6","","NA"
"-73.74","45.47","MONTREAL/PIERRE ELLIOTT TRUDEAU INTL","702S006","2021-12-22 23:00","2021","12","22","23:00","-0.5","","-4.8","","73","","0.0","","26","","19","","","","99.84","","","","-6","","NA"
"-73.74","45.47","MONTREAL/PIERRE ELLIOTT TRUDEAU INTL","702S006","2021-12-23 00:00","2021","12","23","00:00","-1.1","","-5.7","","71","","0.0","","28","","30","","","","99.94","","","","-8","","NA"
"-73.74","45.47","MONTREAL/PIERRE ELLIOTT TRUDEAU INTL","702S006","2021-12-23 01:00","2021","12","23","01:00","-3.6","","-9.5","","64","","0.0","","29","","37","","","","100.11","","","","-12","","NA"
"-73.74","45.47","MONTREAL/PIERRE ELLIOTT TRUDEAU INTL","702S006","2021-12-23 02:00","2021","12","23","02:00","-5.6","","-12.1","","60","","0.0","","29","","32","","","","100.32","","","","-14","","NA"
"-73.74","45.47","MONTREAL/PIERRE ELLIOTT TRUDEAU INTL","702S006","2021-12-23 03:00","2021","12","23","03:00","-6.5","","-13.1","","60","","0.0","","29","","33","","","","100.47","","","","-15","","NA"
"-73.74","45.47","MONTREAL/PIERRE ELLIOTT TRUDEAU INTL","702S006","2021-12-23 04:00","2021","12","23","04:00","-7.5","","-13.1","","64","","0.0","","29","","23","","","","100.63","","","","-15","","NA"
"-73.74","45.47","MONTREAL/PIERRE ELLIOTT TRUDEAU INTL","702S006","2021-12-23 05:00","2021","12","23","05:00","-8.3","","-13.5","","66","","0.0","","27","","24","","","","100.72","","","","-16","","NA"
"-73.74","45.47","MONTREAL/PIERRE ELLIOTT TRUDEAU INTL","702S006","2021-12-23 06:00","2021","12","23","06:00","-9.3","","-14.3","","67","","0.0","","29","","21","","","","100.85","","","","-17","","NA"
"-73.74","45.47","MONTREAL/PIERRE ELLIOTT TRUDEAU INTL","702S006","2021-12-23 07:00","2021","12","23","07:00","-10.1","","-15.8","","63","","0.0","","29","","28","","","","100.96","","","","-19","","NA"
"-73.74","45.47","MONTREAL/PIERRE ELLIOTT TRUDEAU INTL","702S006","2021-12-23 08:00","2021","12","23","08:00","-11.1","","-16.2","","66","","0.0","","29","","23","","","","101.16","","","","-20","","NA"
"-73.74","45.47","MONTREAL/PIERRE ELLIOTT TRUDEAU INTL","702S006","2021-12-23 09:00","2021","12","23","09:00","-12.1","","-17.9","","62","","0.0","","30","","21","","","","101.27","","","","-21","","NA"
"-73.74","45.47","MONTREAL/PIERRE ELLIOTT TRUDEAU INTL","702S006","2021-12-23 10:00","2021","12","23","10:00","-12.8","","-18.0","","65","","0.0","","29","","22","","","","101.39","","","","-22","","NA"
"-73.74","45.47","MONTREAL/PIERRE ELLIOTT TRUDEAU INTL","702S006","2021-12-23 11:00","2021","12","23","11:00","-13.4","","-18.4","","66","","0.0","","28","","14","","","","101.47","","","","-21","","NA"
"-73.74","45.47","MONTREAL/PIERRE ELLIOTT TRUDEAU INTL","702S006","2021-12-23 12:00","2021","12","23","12:00","-13.9","","-18.7","","67","","0.0","","26","","13","","","","101.58","","","","-21","","NA"
"-73.74","45.47","MONTREAL/PIERRE ELLIOTT TRUDEAU INTL","702S006","2021-12-23 13:00","2021","12","23","13:00","-14.3","","-19.2","","66","","0.0","","27","","16","","","","101.68","","","","-22","","NA"
"-73.74","45.47","MONTREAL/PIERRE ELLIOTT TRUDEAU INTL","702S006","2021-12-23 14:00","2021","12","23","14:00","-14.0","","-19.3","","64","","0.0","","26","","18","","","","101.76","","","","-22","","NA"
"-73.74","45.47","MONTREAL/PIERRE ELLIOTT TRUDEAU INTL","702S006","2021-12-23 15:00","2021","12","23","15:00","-13.6","","-19.3","","62","","0.0","","26","","22","","","","101.82","","","","-23","","NA"
"-73.74","45.47","MONTREAL/PIERRE ELLIOTT TRUDEAU INTL","702S006","2021-12-23 16:00","2021","12","23","16:00","-13.5","","-20.1","","58","","0.0","","26","","20","","","","101.80","","","","-22","","NA"
"-73.74","45.47","MONTREAL/PIERRE ELLIOTT TRUDEAU INTL","702S006","2021-12-23 17:00","2021","12","23","17:00","-13.0","","-19.8","","57","","0.0","","27","","23","","","","101.82","","","","-22","","NA"
"-73.74","45.47","MONTREAL/PIERRE ELLIOTT TRUDEAU INTL","702S006","2021-12-23 18:00","2021","12","23","18:00","-12.8","","-19.9","","55","","0.0","","28","","24","","","","101.85","","","","-22","","NA"
"-73.74","45.47","MONTREAL/PIERRE ELLIOTT TRUDEAU INTL","702S006","2021-12-23 19:00","2021","12","23","19:00","-12.1","","-19.6","","54","","0.0","","28","","19","","","","101.85","","","","-20","","NA"
"-73.74","45.47","MONTREAL/PIERRE ELLIOTT TRUDEAU INTL","702S006","2021-12-23 20:00","2021","12","23","20:00","-11.5","","-19.4","","52","","0.0","","27","","15","","","","101.86","","","","-19","","NA"
"-73.74","45.47","MONTREAL/PIERRE ELLIOTT TRUDEAU INTL","702S006","2021-12-23 21:00","2021","12","23","21:00","-11.7","","-18.9","","55","","0.0","","26","","11","","","","101.90","","","","-18","","NA"
"-73.74","45.47","MONTREAL/PIERRE ELLIOTT TRUDEAU INTL","702S006","2021-12-23 22:00","2021","12","23","22:00","-11.9","","-18.7","","57","","0.0","","23","","9","","","","101.91","","","","-17","","NA"
"-73.74","45.47","MONTREAL/PIERRE ELLIOTT TRUDEAU INTL","702S006","2021-12-23 23:00","2021","12","23","23:00","-12.3","","-18.8","","59","","0.0","","26","","11","","","","101.92","","","","-18","","NA"
"-73.74","45.47","MONTREAL/PIERRE ELLIOTT TRUDEAU INTL","702S006","2021-12-24 00:00","2021","12","24","00:00","-14.8","","-19.5","","67","","0.0","","32","","6","","","","101.90","","","","-19","","NA"
"-73.74","45.47","MONTREAL/PIERRE ELLIOTT TRUDEAU INTL","702S006","2021-12-24 01:00","2021","12","24","01:00","-13.6","","-17.9","","70","","0.0","","34","","5","","","","101.84","","","","-17","","NA"
"-73.74","45.47","MONTREAL/PIERRE ELLIOTT TRUDEAU INTL","702S006","2021-12-24 02:00","2021","12","24","02:00","-12.5","","-17.6","","66","","0.0","","3","","4","","","","101.82","","","","-15","","NA"
"-73.74","45.47","MONTREAL/PIERRE ELLIOTT TRUDEAU INTL","702S006","2021-12-24 03:00","2021","12","24","03:00","-12.1","","-17.6","","63","","0.0","","4","","5","","","","101.78","","","","-15","","NA"
"-73.74","45.47","MONTREAL/PIERRE ELLIOTT TRUDEAU INTL","702S006","2021-12-24 04:00","2021","12","24","04:00","-13.2","","-17.0","","73","","0.0","","14","","8","","","","101.79","","","","-18","","NA"
"-73.74","45.47","MONTREAL/PIERRE ELLIOTT TRUDEAU INTL","702S006","2021-12-24 05:00","2021","12","24","05:00","-12.1","","-16.1","","72","","0.0","","10","","7","","","","101.78","","","","-16","","NA"
"-73.74","45.47","MONTREAL/PIERRE ELLIOTT TRUDEAU INTL","702S006","2021-12-24 06:00","2021","12","24","06:00","-12.1","","-15.9","","74","","0.0","","7","","4","","","","101.76","","","","-15","","NA"
"-73.74","45.47","MONTREAL/PIERRE ELLIOTT TRUDEAU INTL","702S006","2021-12-24 07:00","2021","12","24","07:00","-11.6","","-15.8","","71","","0.0","","10","","7","","","","101.72","","","","-16","","NA"
"-73.74","45.47","MONTREAL/PIERRE ELLIOTT TRUDEAU INTL","702S006","2021-12-24 08:00","2021","12","24","08:00","-11.1","","-16.1","","67","","0.0","","10","","6","","","","101.69","","","","-15","","NA"
"-73.74","45.47","MONTREAL/PIERRE ELLIOTT TRUDEAU INTL","702S006","2021-12-24 09:00","2021","12","24","09:00","-12.6","","-16.2","","75","","0.0","","3","","11","","","","101.64","","","","-19","","NA"
"-73.74","45.47","MONTREAL/PIERRE ELLIOTT TRUDEAU INTL","702S006","2021-12-24 10:00","2021","12","24","10:00","-13.5","","-16.3","","80","","0.0","","2","","15","","","","101.64","","","","-21","","NA"
"-73.74","45.47","MONTREAL/PIERRE ELLIOTT TRUDEAU INTL","702S006","2021-12-24 11:00","2021","12","24","11:00","-14.9","","-17.6","","80","","0.0","","2","","14","","","","101.67","","","","-22","","NA"
"-73.74","45.47","MONTREAL/PIERRE ELLIOTT TRUDEAU INTL","702S006","2021-12-24 12:00","2021","12","24","12:00","-15.0","","-17.4","","82","","0.0","","2","","14","","","","101.71","","","","-23","","NA"
"-73.74","45.47","MONTREAL/PIERRE ELLIOTT TRUDEAU INTL","702S006","2021-12-24 13:00","2021","12","24","13:00","-14.1","","-16.7","","81","","0.0","","3","","12","","","","101.66","","","","-21","","NA"
"-73.74","45.47","MONTREAL/PIERRE ELLIOTT TRUDEAU INTL","702S006","2021-12-24 14:00","2021","12","24","14:00","-12.1","","-16.4","","70","","0.0","","4","","10","","","","101.67","","","","-18","","NA"
"-73.74","45.47","MONTREAL/PIERRE ELLIOTT TRUDEAU INTL","702S006","2021-12-24 15:00","2021","12","24","15:00","-11.7","","-15.5","","73","","0.0","","1","","11","","","","101.65","","","","-18","","NA"
"-73.74","45.47","MONTREAL/PIERRE ELLIOTT TRUDEAU INTL","702S006","2021-12-24 16:00","2021","12","24","16:00","-9.7","","-14.8","","66","","0.0","","36","","10","","","","101.61","","","","-15","","NA"
"-73.74","45.47","MONTREAL/PIERRE ELLIOTT TRUDEAU INTL","702S006","2021-12-24 17:00","2021","12","24","17:00","-8.9","","-14.5","","64","","0.0","","2","","11","","","","101.54","","","","-14","","NA"
"-73.74","45.47","MONTREAL/PIERRE ELLIOTT TRUDEAU INTL","702S006","2021-12-24 18:00","2021","12","24","18:00","-7.1","","-13.8","","59","","0.0","","4","","10","","","","101.37","","","","-12","","NA"
"-73.74","45.47","MONTREAL/PIERRE ELLIOTT TRUDEAU INTL","702S006","2021-12-24 19:00","2021","12","24","19:00","-5.0","","-12.3","","57","","0.0","","11","","7","","","","101.30","","","","-8","","NA"
"-73.74","45.47","MONTREAL/PIERRE ELLIOTT TRUDEAU INTL","702S006","2021-12-24 20:00","2021","12","24","20:00","-4.8","","-12.2","","56","","0.0","","3","","5","","","","101.34","","","","-7","","NA"
"-73.74","45.47","MONTREAL/PIERRE ELLIOTT TRUDEAU INTL","702S006","2021-12-24 21:00","2021","12","24","21:00","-5.6","","-12.1","","60","","0.0","","3","","6","","","","101.33","","","","-8","","NA"
"-73.74","45.47","MONTREAL/PIERRE ELLIOTT TRUDEAU INTL","702S006","2021-12-24 22:00","2021","12","24","22:00","-6.8","","-11.8","","68","","0.0","","2","","10","","","","101.28","","","","-11","","NA"
"-73.74","45.47","MONTREAL/PIERRE ELLIOTT TRUDEAU INTL","702S006","2021-12-24 23:00","2021","12","24","23:00","-7.9","","-12.2","","71","","0.0","","2","","12","","","","101.26","","","","-13","","NA"
"-73.74","45.47","MONTREAL/PIERRE ELLIOTT TRUDEAU INTL","702S006","2021-12-25 00:00","2021","12","25","00:00","-7.6","","-13.1","","65","","0.0","","4","","11","","","","101.20","","","","-13","","NA"
"-73.74","45.47","MONTREAL/PIERRE ELLIOTT TRUDEAU INTL","702S006","2021-12-25 01:00","2021","12","25","01:00","-7.9","","-12.9","","68","","0.0","","4","","13","","","","101.18","","","","-14","","NA"
"-73.74","45.47","MONTREAL/PIERRE ELLIOTT TRUDEAU INTL","702S006","2021-12-25 02:00","2021","12","25","02:00","-7.8","","-13.5","","63","","0.0","","4","","14","","","","101.11","","","","-14","","NA"
"-73.74","45.47","MONTREAL/PIERRE ELLIOTT TRUDEAU INTL","702S006","2021-12-25 03:00","2021","12","25","03:00","-7.7","","-13.5","","63","","0.0","","4","","8","","","","101.03","","","","-12","","NA"
"-73.74","45.47","MONTREAL/PIERRE ELLIOTT TRUDEAU INTL","702S006","2021-12-25 04:00","2021","12","25","04:00","-7.9","","-12.1","","72","","0.0","","2","","12","","","","100.93","","","","-13","","NA"
"-73.74","45.47","MONTREAL/PIERRE ELLIOTT TRUDEAU INTL","702S006","2021-12-25 05:00","2021","12","25","05:00","-7.5","","-12.8","","66","","0.0","","3","","16","","","","100.81","","","","-14","","NA"
"-73.74","45.47","MONTREAL/PIERRE ELLIOTT TRUDEAU INTL","702S006","2021-12-25 06:00","2021","12","25","06:00","-7.9","","-11.8","","74","","0.0","","3","","14","","","","100.71","","","","-14","","NA"
"-73.74","45.47","MONTREAL/PIERRE ELLIOTT TRUDEAU INTL","702S006","2021-12-25 07:00","2021","12","25","07:00","-8.1","","-11.9","","74","","0.0","","2","","16","","","","100.60","","","","-15","","NA"
"-73.74","45.47","MONTREAL/PIERRE ELLIOTT TRUDEAU INTL","702S006","2021-12-25 08:00","2021","12","25","08:00","-7.9","","-12.4","","70","","0.0","","3","","18","","","","100.54","","","","-15","","NA"
"-73.74","45.47","MONTREAL/PIERRE ELLIOTT TRUDEAU INTL","702S006","2021-12-25 09:00","2021","12","25","09:00","-7.8","","-12.9","","67","","0.0","","4","","19","","","","100.41","","","","-15","","NA"
"-73.74","45.47","MONTREAL/PIERRE ELLIOTT TRUDEAU INTL","702S006","2021-12-25 10:00","2021","12","25","10:00","-7.6","","-12.3","","69","","0.0","","4","","22","","","","100.31","","","","-15","","NA"
"-73.74","45.47","MONTREAL/PIERRE ELLIOTT TRUDEAU INTL","702S006","2021-12-25 11:00","2021","12","25","11:00","-8.0","","-12.3","","71","","0.0","","4","","23","","","","100.18","","","","-16","","NA"
"-73.74","45.47","MONTREAL/PIERRE ELLIOTT TRUDEAU INTL","702S006","2021-12-25 12:00","2021","12","25","12:00","-8.0","","-11.7","","74","","0.0","","4","","19","","","","100.15","","","","-15","","NA"
"-73.74","45.47","MONTREAL/PIERRE ELLIOTT TRUDEAU INTL","702S006","2021-12-25 13:00","2021","12","25","13:00","-8.3","","-10.7","","82","","0.3","","4","","19","","","","100.06","","","","-16","","NA"
"-73.74","45.47","MONTREAL/PIERRE ELLIOTT TRUDEAU INTL","702S006","2021-12-25 14:00","2021","12","25","14:00","-7.7","","-10.6","","80","","0.0","","4","","18","","","","100.00","","","","-15","","NA"
"-73.74","45.47","MONTREAL/PIERRE ELLIOTT TRUDEAU INTL","702S006","2021-12-25 15:00","2021","12","25","15:00","-7.1","","-11.2","","72","","0.0","","4","","18","","","","99.92","","","","-14","","NA"
"-73.74","45.47","MONTREAL/PIERRE ELLIOTT TRUDEAU INTL","702S006","2021-12-25 16:00","2021","12","25","16:00","-6.6","","-11.1","","71","","0.2","","3","","17","","","","99.84","","","","-13","","NA"
"-73.74","45.47","MONTREAL/PIERRE ELLIOTT TRUDEAU INTL","702S006","2021-12-25 17:00","2021","12","25","17:00","-6.8","","-9.2","","83","","0.2","","2","","23","","","","99.76","","","","-14","","NA"
"-73.74","45.47","MONTREAL/PIERRE ELLIOTT TRUDEAU INTL","702S006","2021-12-25 18:00","2021","12","25","18:00","-6.7","","-8.7","","86","","0.3","","2","","25","","","","99.72","","","","-15","","NA"
"-73.74","45.47","MONTREAL/PIERRE ELLIOTT TRUDEAU INTL","702S006","2021-12-25 19:00","2021","12","25","19:00","-6.4","","-8.5","","85","","0.5","","3","","20","","","","99.68","","","","-13","","NA"
"-73.74","45.47","MONTREAL/PIERRE ELLIOTT TRUDEAU INTL","702S006","2021-12-25 20:00","2021","12","25","20:00","-5.2","","-7.2","","86","","0.2","","4","","17","","","","99.68","","","","-11","","NA"
"-73.74","45.47","MONTREAL/PIERRE ELLIOTT TRUDEAU INTL","702S006","2021-12-25 21:00","2021","12","25","21:00","-5.1","","-7.3","","84","","0.0","","5","","13","","","","99.72","","","","-10","","NA"
"-73.74","45.47","MONTREAL/PIERRE ELLIOTT TRUDEAU INTL","702S006","2021-12-25 22:00","2021","12","25","22:00","-4.9","","-7.1","","85","","0.0","","4","","17","","","","99.79","","","","-11","","NA"
"-73.74","45.47","MONTREAL/PIERRE ELLIOTT TRUDEAU INTL","702S006","2021-12-25 23:00","2021","12","25","23:00","-5.5","","-7.3","","87","","0.0","","2","","14","","","","99.81","","","","-11","","NA"
"-73.74","45.47","MONTREAL/PIERRE ELLIOTT TRUDEAU INTL","702S006","2021-12-26 00:00","2021","12","26","00:00","-5.8","","-7.6","","87","","0.0","","1","","13","","","","99.93","","","","-11","","NA"
"-73.74","45.47","MONTREAL/PIERRE ELLIOTT TRUDEAU INTL","702S006","2021-12-26 01:00","2021","12","26","01:00","-5.9","","-8.0","","85","","0.0","","2","","16","","","","99.92","","","","-12","","NA"
"-73.74","45.47","MONTREAL/PIERRE ELLIOTT TRUDEAU INTL","702S006","2021-12-26 02:00","2021","12","26","02:00","-5.4","","-8.9","","76","","0.0","","1","","8","","","","100.05","","","","-9","","NA"
"-73.74","45.47","MONTREAL/PIERRE ELLIOTT TRUDEAU INTL","702S006","2021-12-26 03:00","2021","12","26","03:00","-5.0","","-8.7","","75","","0.0","","36","","4","","","","100.04","","","","-7","","NA"
"-73.74","45.47","MONTREAL/PIERRE ELLIOTT TRUDEAU INTL","702S006","2021-12-26 04:00","2021","12","26","04:00","-4.5","","-8.8","","72","","0.2","","28","","7","","","","100.15","","","","-8","","NA"
"-73.74","45.47","MONTREAL/PIERRE ELLIOTT TRUDEAU INTL","702S006","2021-12-26 05:00","2021","12","26","05:00","-4.2","","-8.1","","74","","0.0","","31","","7","","","","100.18","","","","-7","","NA"
"-73.74","45.47","MONTREAL/PIERRE ELLIOTT TRUDEAU INTL","702S006","2021-12-26 06:00","2021","12","26","06:00","-3.9","","-7.1","","78","","0.0","","25","","3","","","","100.21","","","","-5","","NA"
"-73.74","45.47","MONTREAL/PIERRE ELLIOTT TRUDEAU INTL","702S006","2021-12-26 07:00","2021","12","26","07:00","-3.6","","-4.5","","94","","0.0","","25","","11","","","","100.34","","","","-8","","NA"
"-73.74","45.47","MONTREAL/PIERRE ELLIOTT TRUDEAU INTL","702S006","2021-12-26 08:00","2021","12","26","08:00","-3.5","","-4.7","","91","","0.0","","24","","6","","","","100.39","","","","-6","","NA"
"-73.74","45.47","MONTREAL/PIERRE ELLIOTT TRUDEAU INTL","702S006","2021-12-26 09:00","2021","12","26","09:00","-3.2","","-4.3","","92","","0.0","","26","","10","","","","100.42","","","","-7","","NA"
"-73.74","45.47","MONTREAL/PIERRE ELLIOTT TRUDEAU INTL","702S006","2021-12-26 10:00","2021","12","26","10:00","-3.0","","-4.2","","91","","0.0","","25","","7","","","","100.45","","","","-6","","NA"
"-73.74","45.47","MONTREAL/PIERRE ELLIOTT TRUDEAU INTL","702S006","2021-12-26 11:00","2021","12","26","11:00","-2.9","","-4.0","","92","","0.2","","24","","5","","","","100.55","","","","-5","","NA"
"-73.74","45.47","MONTREAL/PIERRE ELLIOTT TRUDEAU INTL","702S006","2021-12-26 12:00","2021","12","26","12:00","-2.5","","-3.6","","92","","0.2","","27","","9","","","","100.62","","","","-6","","NA"
"-73.74","45.47","MONTREAL/PIERRE ELLIOTT TRUDEAU INTL","702S006","2021-12-26 13:00","2021","12","26","13:00","-2.2","","-3.9","","88","","0.0","","28","","10","","","","100.69","","","","-6","","NA"
"-73.74","45.47","MONTREAL/PIERRE ELLIOTT TRUDEAU INTL","702S006","2021-12-26 14:00","2021","12","26","14:00","-2.0","","-4.7","","82","","0.2","","29","","10","","","","100.77","","","","-6","","NA"
"-73.74","45.47","MONTREAL/PIERRE ELLIOTT TRUDEAU INTL","702S006","2021-12-26 15:00","2021","12","26","15:00","-1.7","","-5.3","","76","","0.0","","29","","14","","","","100.87","","","","-6","","NA"
"-73.74","45.47","MONTREAL/PIERRE ELLIOTT TRUDEAU INTL","702S006","2021-12-26 16:00","2021","12","26","16:00","-1.5","","-5.9","","72","","0.0","","28","","14","","","","100.90","","","","-6","","NA"
"-73.74","45.47","MONTREAL/PIERRE ELLIOTT TRUDEAU INTL","702S006","2021-12-26 17:00","2021","12","26","17:00","-1.5","","-6.3","","69","","0.0","","28","","17","","","","100.89","","","","-7","","NA"
"-73.74","45.47","MONTREAL/PIERRE ELLIOTT TRUDEAU INTL","702S006","2021-12-26 18:00","2021","12","26","18:00","-1.0","","-5.6","","71","","0.0","","30","","16","","","","100.91","","","","-6","","NA"
"-73.74","45.47","MONTREAL/PIERRE ELLIOTT TRUDEAU INTL","702S006","2021-12-26 19:00","2021","12","26","19:00","-0.7","","-5.4","","71","","0.0","","30","","16","","","","100.95","","","","-5","","NA"
"-73.74","45.47","MONTREAL/PIERRE ELLIOTT TRUDEAU INTL","702S006","2021-12-26 20:00","2021","12","26","20:00","-0.4","","-5.3","","70","","0.0","","31","","13","","","","101.04","","","","-5","","NA"
"-73.74","45.47","MONTREAL/PIERRE ELLIOTT TRUDEAU INTL","702S006","2021-12-26 21:00","2021","12","26","21:00","-0.4","","-5.0","","71","","0.0","","30","","10","","","","101.11","","","","-4","","NA"
"-73.74","45.47","MONTREAL/PIERRE ELLIOTT TRUDEAU INTL","702S006","2021-12-26 22:00","2021","12","26","22:00","-0.5","","-4.9","","72","","0.0","","30","","11","","","","101.19","","","","-4","","NA"
"-73.74","45.47","MONTREAL/PIERRE ELLIOTT TRUDEAU INTL","702S006","2021-12-26 23:00","2021","12","26","23:00","-0.6","","-4.8","","73","","0.0","","30","","11","","","","101.27","","","","-4","","NA"
"-73.74","45.47","MONTREAL/PIERRE ELLIOTT TRUDEAU INTL","702S006","2021-12-27 00:00","2021","12","27","00:00","-0.4","","-5.2","","70","","0.0","","32","","14","","","","101.37","","","","-5","","NA"
"-73.74","45.47","MONTREAL/PIERRE ELLIOTT TRUDEAU INTL","702S006","2021-12-27 01:00","2021","12","27","01:00","-0.7","","-4.7","","74","","0.0","","30","","12","","","","101.42","","","","-5","","NA"
"-73.74","45.47","MONTREAL/PIERRE ELLIOTT TRUDEAU INTL","702S006","2021-12-27 02:00","2021","12","27","02:00","-1.3","","-5.4","","74","","0.0","","30","","15","","","","101.51","","","","-6","","NA"
"-73.74","45.47","MONTREAL/PIERRE ELLIOTT TRUDEAU INTL","702S006","2021-12-27 03:00","2021","12","27","03:00","-2.0","","-7.0","","69","","0.0","","34","","21","","","","101.63","","","","-8","","NA"
"-73.74","45.47","MONTREAL/PIERRE ELLIOTT TRUDEAU INTL","702S006","2021-12-27 04:00","2021","12","27","04:00","-2.6","","-7.7","","68","","0.0","","32","","15","","","","101.69","","","","-8","","NA"
"-73.74","45.47","MONTREAL/PIERRE ELLIOTT TRUDEAU INTL","702S006","2021-12-27 05:00","2021","12","27","05:00","-3.3","","-8.3","","68","","0.0","","34","","13","","","","101.66","","","","-8","","NA"
"-73.74","45.47","MONTREAL/PIERRE ELLIOTT TRUDEAU INTL","702S006","2021-12-27 06:00","2021","12","27","06:00","-3.6","","-8.6","","68","","0.0","","34","","13","","","","101.70","","","","-8","","NA"
"-73.74","45.47","MONTREAL/PIERRE ELLIOTT TRUDEAU INTL","702S006","2021-12-27 07:00","2021","12","27","07:00","-3.8","","-8.8","","68","","0.0","","31","","13","","","","101.85","","","","-9","","NA"
"-73.74","45.47","MONTREAL/PIERRE ELLIOTT TRUDEAU INTL","702S006","2021-12-27 08:00","2021","12","27","08:00","-5.4","","-9.5","","73","","0.0","","31","","20","","","","101.86","","","","-12","","NA"
"-73.74","45.47","MONTREAL/PIERRE ELLIOTT TRUDEAU INTL","702S006","2021-12-27 09:00","2021","12","27","09:00","-6.5","","-10.1","","76","","0.0","","31","","14","","","","101.79","","","","-12","","NA"
"-73.74","45.47","MONTREAL/PIERRE ELLIOTT TRUDEAU INTL","702S006","2021-12-27 10:00","2021","12","27","10:00","-6.9","","-11.1","","72","","0.0","","35","","14","","","","101.84","","","","-13","","NA"
"-73.74","45.47","MONTREAL/PIERRE ELLIOTT TRUDEAU INTL","702S006","2021-12-27 11:00","2021","12","27","11:00","-8.4","","-12.6","","72","","0.0","","1","","9","","","","101.86","","","","-13","","NA"
"-73.74","45.47","MONTREAL/PIERRE ELLIOTT TRUDEAU INTL","702S006","2021-12-27 12:00","2021","12","27","12:00","-8.9","","-13.5","","69","","0.0","","2","","8","","","","101.80","","","","-13","","NA"
"-73.74","45.47","MONTREAL/PIERRE ELLIOTT TRUDEAU INTL","702S006","2021-12-27 13:00","2021","12","27","13:00","-9.2","","-14.3","","66","","0.0","","3","","7","","","","101.83","","","","-13","","NA"
"-73.74","45.47","MONTREAL/PIERRE ELLIOTT TRUDEAU INTL","702S006","2021-12-27 14:00","2021","12","27","14:00","-9.6","","-14.3","","68","","0.0","","1","","8","","","","101.79","","","","-14","","NA"
"-73.74","45.47","MONTREAL/PIERRE ELLIOTT TRUDEAU INTL","702S006","2021-12-27 15:00","2021","12","27","15:00","-9.2","","-14.5","","65","","0.0","","2","","9","","","","101.79","","","","-14","","NA"
"-73.74","45.47","MONTREAL/PIERRE ELLIOTT TRUDEAU INTL","702S006","2021-12-27 16:00","2021","12","27","16:00","-9.2","","-14.7","","64","","0.0","","2","","10","","","","101.75","","","","-14","","NA"
"-73.74","45.47","MONTREAL/PIERRE ELLIOTT TRUDEAU INTL","702S006","2021-12-27 17:00","2021","12","27","17:00","-8.8","","-14.5","","63","","0.0","","1","","9","","","","101.70","","","","-13","","NA"
"-73.74","45.47","MONTREAL/PIERRE ELLIOTT TRUDEAU INTL","702S006","2021-12-27 18:00","2021","12","27","18:00","-8.4","","-14.3","","62","","0.0","","2","","6","","","","101.59","","","","-12","","NA"
"-73.74","45.47","MONTREAL/PIERRE ELLIOTT TRUDEAU INTL","702S006","2021-12-27 19:00","2021","12","27","19:00","-8.0","","-14.4","","60","","0.0","","4","","10","","","","101.46","","","","-13","","NA"
"-73.74","45.47","MONTREAL/PIERRE ELLIOTT TRUDEAU INTL","702S006","2021-12-27 20:00","2021","12","27","20:00","-7.5","","-15.1","","54","","0.0","","5","","7","","","","101.36","","","","-11","","NA"
"-73.74","45.47","MONTREAL/PIERRE ELLIOTT TRUDEAU INTL","702S006","2021-12-27 21:00","2021","12","27","21:00","-8.0","","-14.1","","62","","0.0","","12","","11","","","","101.30","","","","-13","","NA"
"-73.74","45.47","MONTREAL/PIERRE ELLIOTT TRUDEAU INTL","702S006","2021-12-27 22:00","2021","12","27","22:00","-8.2","","-14.7","","60","","0.0","","11","","9","","","","101.26","","","","-13","","NA"
"-73.74","45.47","MONTREAL/PIERRE ELLIOTT TRUDEAU INTL","702S006","2021-12-27 23:00","2021","12","27","23:00","-8.5","","-14.8","","61","","0.0","","10","","10","","","","101.18","","","","-13","","NA"
"-73.74","45.47","MONTREAL/PIERRE ELLIOTT TRUDEAU INTL","702S006","2021-12-28 00:00","2021","12","28","00:00","-8.7","","-14.6","","62","","0.0","","8","","8","","","","101.11","","","","-13","","NA"
"-73.74","45.47","MONTREAL/PIERRE ELLIOTT TRUDEAU INTL","702S006","2021-12-28 01:00","2021","12","28","01:00","-8.7","","-15.2","","59","","0.0","","4","","17","","","","100.95","","","","-16","","NA"
"-73.74","45.47","MONTREAL/PIERRE ELLIOTT TRUDEAU INTL","702S006","2021-12-28 02:00","2021","12","28","02:00","-8.9","","-14.8","","62","","0.0","","4","","20","","","","100.87","","","","-16","","NA"
"-73.74","45.47","MONTREAL/PIERRE ELLIOTT TRUDEAU INTL","702S006","2021-12-28 03:00","2021","12","28","03:00","-8.9","","-14.8","","62","","0.0","","5","","22","","","","100.80","","","","-17","","NA"
"-73.74","45.47","MONTREAL/PIERRE ELLIOTT TRUDEAU INTL","702S006","2021-12-28 04:00","2021","12","28","04:00","-9.4","","-14.9","","64","","0.0","","4","","22","","","","100.69","","","","-17","","NA"
"-73.74","45.47","MONTREAL/PIERRE ELLIOTT TRUDEAU INTL","702S006","2021-12-28 05:00","2021","12","28","05:00","-9.1","","-14.2","","67","","0.0","","4","","18","","","","100.59","","","","-16","","NA"
"-73.74","45.47","MONTREAL/PIERRE ELLIOTT TRUDEAU INTL","702S006","2021-12-28 06:00","2021","12","28","06:00","-8.9","","-13.1","","71","","0.0","","5","","17","","","","100.40","","","","-16","","NA"
"-73.74","45.47","MONTREAL/PIERRE ELLIOTT TRUDEAU INTL","702S006","2021-12-28 07:00","2021","12","28","07:00","-8.8","","-12.4","","75","","0.0","","3","","16","","","","100.46","","","","-16","","NA"
"-73.74","45.47","MONTREAL/PIERRE ELLIOTT TRUDEAU INTL","702S006","2021-12-28 08:00","2021","12","28","08:00","-8.6","","-11.9","","77","","0.0","","4","","16","","","","100.34","","","","-15","","NA"
"-73.74","45.47","MONTREAL/PIERRE ELLIOTT TRUDEAU INTL","702S006","2021-12-28 09:00","2021","12","28","09:00","-8.1","","-11.3","","78","","0.0","","3","","16","","","","100.20","","","","-15","","NA"
"-73.74","45.47","MONTREAL/PIERRE ELLIOTT TRUDEAU INTL","702S006","2021-12-28 10:00","2021","12","28","10:00","-8.4","","-10.7","","84","","0.0","","2","","10","","","","100.14","","","","-13","","NA"
"-73.74","45.47","MONTREAL/PIERRE ELLIOTT TRUDEAU INTL","702S006","2021-12-28 11:00","2021","12","28","11:00","-8.6","","-10.1","","89","","0.3","","2","","11","","","","100.14","","","","-14","","NA"
"-73.74","45.47","MONTREAL/PIERRE ELLIOTT TRUDEAU INTL","702S006","2021-12-28 12:00","2021","12","28","12:00","-8.2","","-9.7","","89","","0.3","","2","","11","","","","100.16","","","","-13","","NA"
"-73.74","45.47","MONTREAL/PIERRE ELLIOTT TRUDEAU INTL","702S006","2021-12-28 13:00","2021","12","28","13:00","-8.3","","-9.8","","89","","0.2","","30","","8","","","","100.25","","","","-12","","NA"
"-73.74","45.47","MONTREAL/PIERRE ELLIOTT TRUDEAU INTL","702S006","2021-12-28 14:00","2021","12","28","14:00","-8.0","","-10.1","","85","","0.0","","29","","8","","","","100.33","","","","-12","","NA"
"-73.74","45.47","MONTREAL/PIERRE ELLIOTT TRUDEAU INTL","702S006","2021-12-28 15:00","2021","12","28","15:00","-7.4","","-9.6","","84","","0.2","","28","","3","","","","100.31","","","","-9","","NA"
"-73.74","45.47","MONTREAL/PIERRE ELLIOTT TRUDEAU INTL","702S006","2021-12-28 16:00","2021","12","28","16:00","-6.5","","-8.6","","85","","0.0","","28","","10","","","","100.36","","","","-11","","NA"
"-73.74","45.47","MONTREAL/PIERRE ELLIOTT TRUDEAU INTL","702S006","2021-12-28 17:00","2021","12","28","17:00","-5.5","","-7.5","","86","","0.0","","27","","5","","","","100.34","","","","-8","","NA"
"-73.74","45.47","MONTREAL/PIERRE ELLIOTT TRUDEAU INTL","702S006","2021-12-28 18:00","2021","12","28","18:00","-4.5","","-6.3","","88","","0.3","","28","","4","","","","100.34","","","","-6","","NA"
"-73.74","45.47","MONTREAL/PIERRE ELLIOTT TRUDEAU INTL","702S006","2021-12-28 19:00","2021","12","28","19:00","-3.3","","-5.6","","84","","0.0","","25","","11","","","","100.45","","","","-8","","NA"
"-73.74","45.47","MONTREAL/PIERRE ELLIOTT TRUDEAU INTL","702S006","2021-12-28 20:00","2021","12","28","20:00","-3.2","","-5.8","","82","","0.0","","26","","13","","","","100.41","","","","-8","","NA"
"-73.74","45.47","MONTREAL/PIERRE ELLIOTT TRUDEAU INTL","702S006","2021-12-28 21:00","2021","12","28","21:00","-3.2","","-5.4","","85","","0.0","","23","","10","","","","100.46","","","","-7","","NA"
"-73.74","45.47","MONTREAL/PIERRE ELLIOTT TRUDEAU INTL","702S006","2021-12-28 22:00","2021","12","28","22:00","-3.3","","-5.5","","85","","0.0","","26","","9","","","","100.65","","","","-7","","NA"
"-73.74","45.47","MONTREAL/PIERRE ELLIOTT TRUDEAU INTL","702S006","2021-12-28 23:00","2021","12","28","23:00","-2.9","","-5.4","","83","","0.0","","26","","9","","","","100.84","","","","-6","","NA"
"-73.74","45.47","MONTREAL/PIERRE ELLIOTT TRUDEAU INTL","702S006","2021-12-29 00:00","2021","12","29","00:00","-2.7","","-5.5","","81","","0.0","","28","","6","","","","100.80","","","","-5","","NA"
"-73.74","45.47","MONTREAL/PIERRE ELLIOTT TRUDEAU INTL","702S006","2021-12-29 01:00","2021","12","29","01:00","-2.8","","-5.4","","82","","0.0","","33","","4","","","","100.74","","","","-4","","NA"
"-73.74","45.47","MONTREAL/PIERRE ELLIOTT TRUDEAU INTL","702S006","2021-12-29 02:00","2021","12","29","02:00","-2.8","","-5.2","","83","","0.0","","35","","5","","","","100.75","","","","-5","","NA"
"-73.74","45.47","MONTREAL/PIERRE ELLIOTT TRUDEAU INTL","702S006","2021-12-29 03:00","2021","12","29","03:00","-2.6","","-5.4","","81","","0.0","","11","","2","","","","100.78","","","","-3","","NA"
"-73.74","45.47","MONTREAL/PIERRE ELLIOTT TRUDEAU INTL","702S006","2021-12-29 04:00","2021","12","29","04:00","-2.9","","-5.4","","83","","0.0","","2","","3","","","","100.83","","","","-4","","NA"
"-73.74","45.47","MONTREAL/PIERRE ELLIOTT TRUDEAU INTL","702S006","2021-12-29 05:00","2021","12","29","05:00","-2.4","","-6.9","","71","","0.0","","5","","7","","","","100.78","","","","-5","","NA"
"-73.74","45.47","MONTREAL/PIERRE ELLIOTT TRUDEAU INTL","702S006","2021-12-29 06:00","2021","12","29","06:00","-2.7","","-7.4","","70","","0.0","","5","","2","","","","100.84","","","","-3","","NA"
"-73.74","45.47","MONTREAL/PIERRE ELLIOTT TRUDEAU INTL","702S006","2021-12-29 07:00","2021","12","29","07:00","-2.7","","-7.8","","68","","0.0","","3","","6","","","","100.82","","","","-5","","NA"
"-73.74","45.47","MONTREAL/PIERRE ELLIOTT TRUDEAU INTL","702S006","2021-12-29 08:00","2021","12","29","08:00","-3.1","","-6.9","","75","","0.0","","2","","6","","","","100.84","","","","-6","","NA"
"-73.74","45.47","MONTREAL/PIERRE ELLIOTT TRUDEAU INTL","702S006","2021-12-29 09:00","2021","12","29","09:00","-2.6","","-7.4","","70","","0.0","","4","","7","","","","100.82","","","","-5","","NA"
"-73.74","45.47","MONTREAL/PIERRE ELLIOTT TRUDEAU INTL","702S006","2021-12-29 10:00","2021","12","29","10:00","-3.5","","-7.6","","73","","0.0","","4","","12","","","","100.83","","","","-8","","NA"
"-73.74","45.47","MONTREAL/PIERRE ELLIOTT TRUDEAU INTL","702S006","2021-12-29 11:00","2021","12","29","11:00","-3.9","","-9.1","","68","","0.0","","4","","14","","","","100.90","","","","-9","","NA"
"-73.74","45.47","MONTREAL/PIERRE ELLIOTT TRUDEAU INTL","702S006","2021-12-29 12:00","2021","12","29","12:00","-3.9","","-8.9","","68","","0.0","","4","","12","","","","100.95","","","","-9","","NA"
"-73.74","45.47","MONTREAL/PIERRE ELLIOTT TRUDEAU INTL","702S006","2021-12-29 13:00","2021","12","29","13:00","-4.1","","-8.6","","71","","0.0","","4","","13","","","","101.02","","","","-9","","NA"
"-73.74","45.47","MONTREAL/PIERRE ELLIOTT TRUDEAU INTL","702S006","2021-12-29 14:00","2021","12","29","14:00","-4.1","","-8.3","","73","","0.0","","4","","13","","","","101.08","","","","-9","","NA"
"-73.74","45.47","MONTREAL/PIERRE ELLIOTT TRUDEAU INTL","702S006","2021-12-29 15:00","2021","12","29","15:00","-4.1","","-8.2","","73","","0.0","","4","","15","","","","101.13","","","","-9","","NA"
"-73.74","45.47","MONTREAL/PIERRE ELLIOTT TRUDEAU INTL","702S006","2021-12-29 16:00","2021","12","29","16:00","-4.1","","-8.4","","72","","0.0","","4","","15","","","","101.06","","","","-9","","NA"
"-73.74","45.47","MONTREAL/PIERRE ELLIOTT TRUDEAU INTL","702S006","2021-12-29 17:00","2021","12","29","17:00","-4.1","","-8.7","","70","","0.0","","4","","12","","","","101.07","","","","-9","","NA"
"-73.74","45.47","MONTREAL/PIERRE ELLIOTT TRUDEAU INTL","702S006","2021-12-29 18:00","2021","12","29","18:00","-3.9","","-8.7","","69","","0.0","","4","","12","","","","101.03","","","","-9","","NA"
"-73.74","45.47","MONTREAL/PIERRE ELLIOTT TRUDEAU INTL","702S006","2021-12-29 19:00","2021","12","29","19:00","-3.6","","-8.3","","70","","0.0","","4","","12","","","","101.05","","","","-8","","NA"
"-73.74","45.47","MONTREAL/PIERRE ELLIOTT TRUDEAU INTL","702S006","2021-12-29 20:00","2021","12","29","20:00","-4.0","","-8.8","","69","","0.0","","3","","14","","","","101.11","","","","-9","","NA"
"-73.74","45.47","MONTREAL/PIERRE ELLIOTT TRUDEAU INTL","702S006","2021-12-29 21:00","2021","12","29","21:00","-4.1","","-9.1","","68","","0.0","","4","","12","","","","101.08","","","","-9","","NA"
"-73.74","45.47","MONTREAL/PIERRE ELLIOTT TRUDEAU INTL","702S006","2021-12-29 22:00","2021","12","29","22:00","-4.3","","-9.0","","69","","0.0","","4","","12","","","","101.12","","","","-9","","NA"
"-73.74","45.47","MONTREAL/PIERRE ELLIOTT TRUDEAU INTL","702S006","2021-12-29 23:00","2021","12","29","23:00","-4.6","","-9.4","","69","","0.0","","4","","12","","","","101.19","","","","-9","","NA"
"-73.74","45.47","MONTREAL/PIERRE ELLIOTT TRUDEAU INTL","702S006","2021-12-30 00:00","2021","12","30","00:00","-4.8","","-9.4","","71","","0.0","","4","","10","","","","101.23","","","","-9","","NA"
"-73.74","45.47","MONTREAL/PIERRE ELLIOTT TRUDEAU INTL","702S006","2021-12-30 01:00","2021","12","30","01:00","-5.2","","-9.6","","72","","0.0","","4","","8","","","","101.16","","","","-9","","NA"
"-73.74","45.47","MONTREAL/PIERRE ELLIOTT TRUDEAU INTL","702S006","2021-12-30 02:00","2021","12","30","02:00","-5.2","","-9.4","","72","","0.0","","4","","9","","","","101.20","","","","-9","","NA"
"-73.74","45.47","MONTREAL/PIERRE ELLIOTT TRUDEAU INTL","702S006","2021-12-30 03:00","2021","12","30","03:00","-5.2","","-9.3","","73","","0.0","","4","","10","","","","101.12","","","","-10","","NA"
"-73.74","45.47","MONTREAL/PIERRE ELLIOTT TRUDEAU INTL","702S006","2021-12-30 04:00","2021","12","30","04:00","-5.7","","-8.8","","79","","0.0","","1","","8","","","","101.10","","","","-9","","NA"
"-73.74","45.47","MONTREAL/PIERRE ELLIOTT TRUDEAU INTL","702S006","2021-12-30 05:00","2021","12","30","05:00","-6.5","","-9.1","","82","","0.0","","1","","13","","","","101.05","","","","-12","","NA"
"-73.74","45.47","MONTREAL/PIERRE ELLIOTT TRUDEAU INTL","702S006","2021-12-30 06:00","2021","12","30","06:00","-6.6","","-9.4","","80","","0.0","","2","","13","","","","101.04","","","","-12","","NA"
"-73.74","45.47","MONTREAL/PIERRE ELLIOTT TRUDEAU INTL","702S006","2021-12-30 07:00","2021","12","30","07:00","-6.2","","-9.1","","80","","0.0","","2","","9","","","","101.00","","","","-10","","NA"
"-73.74","45.47","MONTREAL/PIERRE ELLIOTT TRUDEAU INTL","702S006","2021-12-30 08:00","2021","12","30","08:00","-6.1","","-8.7","","82","","0.0","","1","","13","","","","101.01","","","","-11","","NA"
"-73.74","45.47","MONTREAL/PIERRE ELLIOTT TRUDEAU INTL","702S006","2021-12-30 09:00","2021","12","30","09:00","-6.0","","-7.9","","86","","0.0","","1","","10","","","","101.00","","","","-10","","NA"
"-73.74","45.47","MONTREAL/PIERRE ELLIOTT TRUDEAU INTL","702S006","2021-12-30 10:00","2021","12","30","10:00","-6.0","","-8.2","","84","","0.0","","2","","7","","","","101.00","","","","-9","","NA"
"-73.74","45.47","MONTREAL/PIERRE ELLIOTT TRUDEAU INTL","702S006","2021-12-30 11:00","2021","12","30","11:00","-5.8","","-8.0","","85","","0.0","","1","","6","","","","101.04","","","","-9","","NA"
"-73.74","45.47","MONTREAL/PIERRE ELLIOTT TRUDEAU INTL","702S006","2021-12-30 12:00","2021","12","30","12:00","-5.7","","-8.2","","83","","0.0","","35","","8","","","","101.11","","","","-9","","NA"
"-73.74","45.47","MONTREAL/PIERRE ELLIOTT TRUDEAU INTL","702S006","2021-12-30 13:00","2021","12","30","13:00","-5.5","","-8.0","","83","","0.0","","1","","8","","","","101.09","","","","-9","","NA"
"-73.74","45.47","MONTREAL/PIERRE ELLIOTT TRUDEAU INTL","702S006","2021-12-30 14:00","2021","12","30","14:00","-5.1","","-7.6","","83","","0.0","","33","","5","","","","101.15","","","","-7","","NA"
"-73.74","45.47","MONTREAL/PIERRE ELLIOTT TRUDEAU INTL","702S006","2021-12-30 15:00","2021","12","30","15:00","-4.7","","-7.5","","81","","0.0","","1","","3","","","","101.16","","","","-6","","NA"
"-73.74","45.47","MONTREAL/PIERRE ELLIOTT TRUDEAU INTL","702S006","2021-12-30 16:00","2021","12","30","16:00","-4.1","","-7.2","","79","","0.2","","1","","3","","","","101.12","","","","-5","","NA"
"-73.74","45.47","MONTREAL/PIERRE ELLIOTT TRUDEAU INTL","702S006","2021-12-30 17:00","2021","12","30","17:00","-3.2","","-6.9","","76","","0.2","","27","","1","","","","101.09","","","","-4","","NA"
"-73.74","45.47","MONTREAL/PIERRE ELLIOTT TRUDEAU INTL","702S006","2021-12-30 18:00","2021","12","30","18:00","-2.9","","-6.4","","77","","0.0","","18","","2","","","","101.02","","","","-4","","NA"
"-73.74","45.47","MONTREAL/PIERRE ELLIOTT TRUDEAU INTL","702S006","2021-12-30 19:00","2021","12","30","19:00","-2.2","","-5.4","","79","","0.0","","2","","5","","","","100.96","","","","-4","","NA"
"-73.74","45.47","MONTREAL/PIERRE ELLIOTT TRUDEAU INTL","702S006","2021-12-30 20:00","2021","12","30","20:00","-1.6","","-4.9","","78","","0.0","","","","0","","","","100.96","","","","","","NA"
"-73.74","45.47","MONTREAL/PIERRE ELLIOTT TRUDEAU INTL","702S006","2021-12-30 21:00","2021","12","30","21:00","-1.7","","-4.7","","80","","0.0","","","","0","","","","100.97","","","","","","NA"
"-73.74","45.47","MONTREAL/PIERRE ELLIOTT TRUDEAU INTL","702S006","2021-12-30 22:00","2021","12","30","22:00","-1.6","","-4.4","","82","","0.0","","1","","6","","","","101.02","","","","-4","","NA"
"-73.74","45.47","MONTREAL/PIERRE ELLIOTT TRUDEAU INTL","702S006","2021-12-30 23:00","2021","12","30","23:00","-2.3","","-4.5","","85","","0.0","","1","","8","","","","101.05","","","","-5","","NA"
"-73.74","45.47","MONTREAL/PIERRE ELLIOTT TRUDEAU INTL","702S006","2021-12-31 00:00","2021","12","31","00:00","-2.4","","-4.4","","86","","0.0","","2","","9","","","","101.06","","","","-6","","NA"
"-73.74","45.47","MONTREAL/PIERRE ELLIOTT TRUDEAU INTL","702S006","2021-12-31 01:00","2021","12","31","01:00","-2.6","","-4.1","","89","","0.0","","2","","8","","","","101.04","","","","-6","","NA"
"-73.74","45.47","MONTREAL/PIERRE ELLIOTT TRUDEAU INTL","702S006","2021-12-31 02:00","2021","12","31","02:00","-2.7","","-4.2","","89","","0.0","","1","","13","","","","101.07","","","","-7","","NA"
"-73.74","45.47","MONTREAL/PIERRE ELLIOTT TRUDEAU INTL","702S006","2021-12-31 03:00","2021","12","31","03:00","-2.8","","-4.4","","89","","0.0","","2","","8","","","","101.02","","","","-6","","NA"
"-73.74","45.47","MONTREAL/PIERRE ELLIOTT TRUDEAU INTL","702S006","2021-12-31 04:00","2021","12","31","04:00","-2.8","","-4.2","","90","","0.0","","1","","8","","","","101.01","","","","-6","","NA"
"-73.74","45.47","MONTREAL/PIERRE ELLIOTT TRUDEAU INTL","702S006","2021-12-31 05:00","2021","12","31","05:00","-2.8","","-4.2","","90","","0.0","","2","","9","","","","100.99","","","","-6","","NA"
"-73.74","45.47","MONTREAL/PIERRE ELLIOTT TRUDEAU INTL","702S006","2021-12-31 06:00","2021","12","31","06:00","-2.8","","-4.3","","90","","0.0","","1","","8","","","","101.00","","","","-6","","NA"
"-73.74","45.47","MONTREAL/PIERRE ELLIOTT TRUDEAU INTL","702S006","2021-12-31 07:00","2021","12","31","07:00","-2.9","","-4.5","","89","","0.0","","1","","7","","","","101.01","","","","-6","","NA"
"-73.74","45.47","MONTREAL/PIERRE ELLIOTT TRUDEAU INTL","702S006","2021-12-31 08:00","2021","12","31","08:00","-2.6","","-4.4","","88","","0.0","","36","","10","","","","101.06","","","","-6","","NA"
"-73.74","45.47","MONTREAL/PIERRE ELLIOTT TRUDEAU INTL","702S006","2021-12-31 09:00","2021","12","31","09:00","-2.7","","-4.4","","88","","0.0","","1","","8","","","","101.04","","","","-6","","NA"
"-73.74","45.47","MONTREAL/PIERRE ELLIOTT TRUDEAU INTL","702S006","2021-12-31 10:00","2021","12","31","10:00","-2.7","","-4.1","","90","","0.0","","34","","5","","","","101.04","","","","-5","","NA"
"-73.74","45.47","MONTREAL/PIERRE ELLIOTT TRUDEAU INTL","702S006","2021-12-31 11:00","2021","12","31","11:00","-2.6","","-4.1","","89","","0.0","","33","","4","","","","101.04","","","","-4","","NA"
"-73.74","45.47","MONTREAL/PIERRE ELLIOTT TRUDEAU INTL","702S006","2021-12-31 12:00","2021","12","31","12:00","-2.5","","-4.3","","87","","0.0","","36","","6","","","","101.08","","","","-5","","NA"
"-73.74","45.47","MONTREAL/PIERRE ELLIOTT TRUDEAU INTL","702S006","2021-12-31 13:00","2021","12","31","13:00","-2.5","","-4.4","","86","","0.0","","1","","8","","","","101.08","","","","-6","","NA"
"-73.74","45.47","MONTREAL/PIERRE ELLIOTT TRUDEAU INTL","702S006","2021-12-31 14:00","2021","12","31","14:00","-2.2","","-4.2","","86","","0.0","","1","","8","","","","101.09","","","","-5","","NA"
"-73.74","45.47","MONTREAL/PIERRE ELLIOTT TRUDEAU INTL","702S006","2021-12-31 15:00","2021","12","31","15:00","-1.6","","-4.2","","82","","0.2","","4","","12","","","","101.07","","","","-6","","NA"
"-73.74","45.47","MONTREAL/PIERRE ELLIOTT TRUDEAU INTL","702S006","2021-12-31 16:00","2021","12","31","16:00","-1.0","","-4.1","","79","","0.0","","4","","9","","","","101.00","","","","-4","","NA"
"-73.74","45.47","MONTREAL/PIERRE ELLIOTT TRUDEAU INTL","702S006","2021-12-31 17:00","2021","12","31","17:00","-0.7","","-3.9","","79","","0.0","","7","","5","","","","100.93","","","","-2","","NA"
"-73.74","45.47","MONTREAL/PIERRE ELLIOTT TRUDEAU INTL","702S006","2021-12-31 18:00","2021","12","31","18:00","-0.6","","-3.3","","82","","0.0","","10","","6","","","","100.87","","","","-3","","NA"
"-73.74","45.47","MONTREAL/PIERRE ELLIOTT TRUDEAU INTL","702S006","2021-12-31 19:00","2021","12","31","19:00","-0.2","","-3.3","","80","","0.0","","4","","10","","","","100.77","","","","-4","","NA"
"-73.74","45.47","MONTREAL/PIERRE ELLIOTT TRUDEAU INTL","702S006","2021-12-31 20:00","2021","12","31","20:00","0.0","","-2.8","","82","","0.0","","4","","9","","","","100.77","","","","-3","","NA"
"-73.74","45.47","MONTREAL/PIERRE ELLIOTT TRUDEAU INTL","702S006","2021-12-31 21:00","2021","12","31","21:00","-0.4","","-2.4","","86","","0.0","","4","","11","","","","100.75","","","","-4","","NA"
"-73.74","45.47","MONTREAL/PIERRE ELLIOTT TRUDEAU INTL","702S006","2021-12-31 22:00","2021","12","31","22:00","-0.5","","-1.8","","91","","0.0","","4","","9","","","","100.78","","","","-4","","NA"
"-73.74","45.47","MONTREAL/PIERRE ELLIOTT TRUDEAU INTL","702S006","2021-12-31 23:00","2021","12","31","23:00","-0.4","","-2.0","","89","","0.0","","4","","7","","","","100.81","","","","-3","","NA"
